name,num,href
小说,(7515099),/tag/小说
文学,(3052375),/tag/文学
外国文学,(2938506),/tag/外国文学
经典,(1835012),/tag/经典
中国文学,(1742723),/tag/中国文学
随笔,(1576711),/tag/随笔
日本文学,(1315159),/tag/日本文学
散文,(943471),/tag/散文
村上春树,(536025),/tag/村上春树
诗歌,(515316),/tag/诗歌
童话,(414889),/tag/童话
名著,(410606),/tag/名著
儿童文学,(406387),/tag/儿童文学
古典文学,(365222),/tag/古典文学
余华,(343148),/tag/余华
王小波,(302221),/tag/王小波
当代文学,(284288),/tag/当代文学
杂文,(278956),/tag/杂文
张爱玲,(236524),/tag/张爱玲
外国名著,(170738),/tag/外国名著
鲁迅,(163754),/tag/鲁迅
钱钟书,(150965),/tag/钱钟书
诗词,(120137),/tag/诗词
茨威格,(87308),/tag/茨威格
米兰·昆德拉,(67710),/tag/米兰·昆德拉
杜拉斯,(49017),/tag/杜拉斯
港台,(11832),/tag/港台
漫画,(1736919),/tag/漫画
推理,(1465310),/tag/推理
绘本,(1238799),/tag/绘本
悬疑,(901132),/tag/悬疑
东野圭吾,(873352),/tag/东野圭吾
科幻,(866221),/tag/科幻
青春,(831605),/tag/青春
言情,(633048),/tag/言情
推理小说,(544402),/tag/推理小说
奇幻,(466120),/tag/奇幻
日本漫画,(407387),/tag/日本漫画
武侠,(403188),/tag/武侠
耽美,(385098),/tag/耽美
科幻小说,(330254),/tag/科幻小说
网络小说,(295377),/tag/网络小说
三毛,(276996),/tag/三毛
韩寒,(270990),/tag/韩寒
亦舒,(248740),/tag/亦舒
阿加莎·克里斯蒂,(245995),/tag/阿加莎·克里斯蒂
金庸,(205779),/tag/金庸
穿越,(179261),/tag/穿越
安妮宝贝,(177872),/tag/安妮宝贝
轻小说,(168214),/tag/轻小说
魔幻,(166919),/tag/魔幻
郭敬明,(159718),/tag/郭敬明
青春文学,(154722),/tag/青春文学
几米,(122234),/tag/几米
J.K.罗琳,(120559),/tag/J.K.罗琳
幾米,(106175),/tag/幾米
张小娴,(98786),/tag/张小娴
校园,(98505),/tag/校园
古龙,(89707),/tag/古龙
高木直子,(80409),/tag/高木直子
沧月,(69255),/tag/沧月
余秋雨,(65401),/tag/余秋雨
王朔,(58785),/tag/王朔
历史,(3431796),/tag/历史
心理学,(2213376),/tag/心理学
哲学,(1980800),/tag/哲学
社会学,(1444957),/tag/社会学
传记,(1175681),/tag/传记
文化,(1126053),/tag/文化
艺术,(872906),/tag/艺术
社会,(835640),/tag/社会
政治,(644372),/tag/政治
设计,(532156),/tag/设计
政治学,(418278),/tag/政治学
宗教,(369546),/tag/宗教
电影,(358301),/tag/电影
建筑,(356866),/tag/建筑
中国历史,(352158),/tag/中国历史
数学,(342505),/tag/数学
回忆录,(294321),/tag/回忆录
思想,(253376),/tag/思想
人物传记,(236803),/tag/人物传记
艺术史,(223396),/tag/艺术史
国学,(212841),/tag/国学
人文,(197457),/tag/人文
音乐,(177215),/tag/音乐
绘画,(171153),/tag/绘画
戏剧,(169998),/tag/戏剧
西方哲学,(168503),/tag/西方哲学
近代史,(143855),/tag/近代史
二战,(135896),/tag/二战
军事,(119108),/tag/军事
佛教,(109685),/tag/佛教
考古,(86143),/tag/考古
自由主义,(65667),/tag/自由主义
美术,(63398),/tag/美术
爱情,(1395209),/tag/爱情
成长,(1100747),/tag/成长
生活,(850858),/tag/生活
心理,(786481),/tag/心理
女性,(772606),/tag/女性
旅行,(677755),/tag/旅行
励志,(555987),/tag/励志
教育,(431546),/tag/教育
摄影,(401328),/tag/摄影
职场,(293770),/tag/职场
美食,(253185),/tag/美食
游记,(213201),/tag/游记
灵修,(154666),/tag/灵修
健康,(152588),/tag/健康
情感,(136061),/tag/情感
人际关系,(84353),/tag/人际关系
两性,(81634),/tag/两性
养生,(51137),/tag/养生
手工,(45552),/tag/手工
家居,(36015),/tag/家居
自助游,(2773),/tag/自助游
经济学,(675566),/tag/经济学
管理,(614737),/tag/管理
经济,(571820),/tag/经济
商业,(524168),/tag/商业
金融,(429017),/tag/金融
投资,(400468),/tag/投资
营销,(221553),/tag/营销
理财,(203937),/tag/理财
创业,(166043),/tag/创业
股票,(108543),/tag/股票
广告,(87042),/tag/广告
企业史,(30844),/tag/企业史
策划,(10940),/tag/策划
科普,(1057828),/tag/科普
互联网,(319743),/tag/互联网
科学,(241387),/tag/科学
编程,(212947),/tag/编程
交互设计,(81514),/tag/交互设计
算法,(70603),/tag/算法
用户体验,(68265),/tag/用户体验
科技,(50980),/tag/科技
web,(23428),/tag/web
交互,(6948),/tag/交互
通信,(6807),/tag/通信
UE,(5732),/tag/UE
神经网络,(4972),/tag/神经网络
UCD,(3594),/tag/UCD
程序,(1606),/tag/程序
