name,url
仙界篇外传一,https://www.biqukan.cc/article/30067/17748489.html
仙界篇外传二,https://www.biqukan.cc/article/30067/17748490.html
第一章 狐女,https://www.biqukan.cc/article/30067/17748491.html
第二章 石头哥哥,https://www.biqukan.cc/article/30067/17748492.html
第三章 远去,https://www.biqukan.cc/article/30067/17748493.html
第四章 相依,https://www.biqukan.cc/article/30067/17751178.html
第五章 马兽,https://www.biqukan.cc/article/30067/17781144.html
第六章 白袍少年,https://www.biqukan.cc/article/30067/17835199.html
第七章 余府,https://www.biqukan.cc/article/30067/17868895.html
第八章 白石真人,https://www.biqukan.cc/article/30067/17907447.html
第九章 法阵,https://www.biqukan.cc/article/30067/17940410.html
第十章 危机,https://www.biqukan.cc/article/30067/17968138.html
第十一章 苏醒,https://www.biqukan.cc/article/30067/18001183.html
第十二章 我是韩立,https://www.biqukan.cc/article/30067/18044340.html
第十三章 魔光,https://www.biqukan.cc/article/30067/18141112.html
第十四章 遭变,https://www.biqukan.cc/article/30067/18207013.html
第十五章 令牌,https://www.biqukan.cc/article/30067/18258854.html
第十六章 绝望,https://www.biqukan.cc/article/30067/18286813.html
第十七章 灭二修,https://www.biqukan.cc/article/30067/18386462.html
第十八章 请求,https://www.biqukan.cc/article/30067/18408741.html
第十九章 化神侄孙,https://www.biqukan.cc/article/30067/18423918.html
第二十章 邀请,https://www.biqukan.cc/article/30067/18443446.html
第二十一章 元婴异变,https://www.biqukan.cc/article/30067/18496124.html
第二十二章 风云双煞,https://www.biqukan.cc/article/30067/18612654.html
第二十三章 争斗,https://www.biqukan.cc/article/30067/18647917.html
第二十四章 碾压,https://www.biqukan.cc/article/30067/18705630.html
第二十五章 陆崖,https://www.biqukan.cc/article/30067/18781379.html
第二十六章 敌踪再现,https://www.biqukan.cc/article/30067/18860064.html
第二十七章 担五岳，压五鬼,https://www.biqukan.cc/article/30067/18925102.html
第二十八章 惊动,https://www.biqukan.cc/article/30067/18972845.html
第二十九章 灵焰山脉,https://www.biqukan.cc/article/30067/19026963.html
第三十章 举田,https://www.biqukan.cc/article/30067/19081216.html
第三十一章 通易谷,https://www.biqukan.cc/article/30067/19094590.html
第三十二章 逆丹诀,https://www.biqukan.cc/article/30067/19108706.html
第三十三章 先天紫气,https://www.biqukan.cc/article/30067/19132048.html
第三十四章 失窃,https://www.biqukan.cc/article/30067/19144383.html
第三十五章 瞒天过海,https://www.biqukan.cc/article/30067/19150982.html
第三十六章 偷梁换柱,https://www.biqukan.cc/article/30067/19156496.html
第三十七章 脱身,https://www.biqukan.cc/article/30067/19164656.html
第三十八章 柳暗花明,https://www.biqukan.cc/article/30067/19166979.html
第三十九章 传谕,https://www.biqukan.cc/article/30067/19177069.html
第四十章 不了了之,https://www.biqukan.cc/article/30067/19178558.html
第四十一章 小瓶掌天,https://www.biqukan.cc/article/30067/19188552.html
第四十二章 失而复得,https://www.biqukan.cc/article/30067/19191058.html
第四十三章 大仇得报,https://www.biqukan.cc/article/30067/19207189.html
第四十四章 隔元法链,https://www.biqukan.cc/article/30067/19215820.html
第四十五章 这不可能,https://www.biqukan.cc/article/30067/19229625.html
第四十六章 两个办法,https://www.biqukan.cc/article/30067/19232091.html
第四十七章 试探,https://www.biqukan.cc/article/30067/19243651.html
第四十八章 劫持,https://www.biqukan.cc/article/30067/19246142.html
第四十九章 要挟,https://www.biqukan.cc/article/30067/19253912.html
第五十章 破塔而出,https://www.biqukan.cc/article/30067/19256364.html
第五十一章 小挪移空间术,https://www.biqukan.cc/article/30067/19267364.html
第五十二章 该我了,https://www.biqukan.cc/article/30067/19281447.html
第五十三章 魔焰焚身,https://www.biqukan.cc/article/30067/19292274.html
第五十四章 吞吐魔焰,https://www.biqukan.cc/article/30067/19304185.html
第五十五章 交代,https://www.biqukan.cc/article/30067/19325343.html
第五十六章 天鬼出世,https://www.biqukan.cc/article/30067/19336552.html
第五十七章 惊蛰变,https://www.biqukan.cc/article/30067/19339191.html
第五十八章 却之不恭,https://www.biqukan.cc/article/30067/19348319.html
第五十九章 借星台,https://www.biqukan.cc/article/30067/19353994.html
第六十章 通缉,https://www.biqukan.cc/article/30067/19367848.html
第六十一章 暗流,https://www.biqukan.cc/article/30067/19409379.html
第六十二章 反常,https://www.biqukan.cc/article/30067/19567390.html
第六十三章 撒豆成兵,https://www.biqukan.cc/article/30067/19599747.html
第六十四章 同时出手,https://www.biqukan.cc/article/30067/19621250.html
第六十五章 玄黄之索,https://www.biqukan.cc/article/30067/19715927.html
第六十六章 灵婴剑符,https://www.biqukan.cc/article/30067/19799808.html
第六十七章 百目天鬼,https://www.biqukan.cc/article/30067/19843039.html
第六十八章 追杀,https://www.biqukan.cc/article/30067/19902532.html
第六十九章 银月之变,https://www.biqukan.cc/article/30067/19921462.html
第七十章天外飞豆,https://www.biqukan.cc/article/30067/19997985.html
第七十一章涅圣体,https://www.biqukan.cc/article/30067/20032007.html
第七十二章收服大乘,https://www.biqukan.cc/article/30067/20115424.html
第七十三章灭门,https://www.biqukan.cc/article/30067/20128357.html
第七十四章 出事了,https://www.biqukan.cc/article/30067/20204235.html
第七十五章 打听,https://www.biqukan.cc/article/30067/20207439.html
第七十六章 传奇,https://www.biqukan.cc/article/30067/20241547.html
第七十七章 两件异宝,https://www.biqukan.cc/article/30067/20245118.html
第七十八章 北斗异象,https://www.biqukan.cc/article/30067/20285375.html
第七十九章 破碎虚空,https://www.biqukan.cc/article/30067/20319711.html
第八十章 神秘气泡(元丹快乐）,https://www.biqukan.cc/article/30067/20345031.html
第八十一章 独目巨人与半人马,https://www.biqukan.cc/article/30067/20364430.html
第八十二章 交锋,https://www.biqukan.cc/article/30067/20393798.html
第八十三章 急中生智,https://www.biqukan.cc/article/30067/20428143.html
第八十四章 雕像,https://www.biqukan.cc/article/30067/20442372.html
第八十五章 祖神,https://www.biqukan.cc/article/30067/20456727.html
第八十六章 退敌,https://www.biqukan.cc/article/30067/20484532.html
第八十七章 地仙,https://www.biqukan.cc/article/30067/20536688.html
第八十八章 地o化身,https://www.biqukan.cc/article/30067/20588320.html
第八十九章 仙器,https://www.biqukan.cc/article/30067/20611283.html
第九十章 寻觅,https://www.biqukan.cc/article/30067/20626670.html
第九十一章 尝试,https://www.biqukan.cc/article/30067/20651729.html
第九十二章 第九条锁链,https://www.biqukan.cc/article/30067/20664276.html
第九十三章 前提条件,https://www.biqukan.cc/article/30067/20686582.html
第九十四章 祖神遗言,https://www.biqukan.cc/article/30067/20702774.html
第九十五章 小瓶失灵,https://www.biqukan.cc/article/30067/20751781.html
第九十六章 绿液再现,https://www.biqukan.cc/article/30067/20792193.html
第九十七章 三名祖神,https://www.biqukan.cc/article/30067/20792194.html
第九十八章 被困,https://www.biqukan.cc/article/30067/20842106.html
第九十九章 承认身份,https://www.biqukan.cc/article/30067/20880080.html
第一百章 牛头面具,https://www.biqukan.cc/article/30067/20980616.html
第一百零一章 无常盟,https://www.biqukan.cc/article/30067/21032630.html
第一百零二章 迟到,https://www.biqukan.cc/article/30067/21053550.html
第一百零三章 红月岛主,https://www.biqukan.cc/article/30067/21067401.html
第一百零四章 朝圣,https://www.biqukan.cc/article/30067/21085598.html
第一百零五章 接头,https://www.biqukan.cc/article/30067/21105461.html
第一百零六章 血色空间,https://www.biqukan.cc/article/30067/21124005.html
第一百零七章 脱困,https://www.biqukan.cc/article/30067/21161514.html
第一百零八章 诡异,https://www.biqukan.cc/article/30067/21192871.html
第一百零九章 初探红月城,https://www.biqukan.cc/article/30067/21229288.html
第一百一十章 线索（明天开始正式上架）,https://www.biqukan.cc/article/30067/21249725.html
第一百一十一章 天选,https://www.biqukan.cc/article/30067/21258968.html
第一百一十二章 端倪（求月票推荐票）,https://www.biqukan.cc/article/30067/21264403.html
第一百一十三章 算计,https://www.biqukan.cc/article/30067/21267119.html
第一百一十四章 以命换命,https://www.biqukan.cc/article/30067/21275180.html
第一百一十五章 再战仇五,https://www.biqukan.cc/article/30067/21276211.html
第一百一十六章 惊退二仙,https://www.biqukan.cc/article/30067/21278846.html
第一百一十七章 再陷困境,https://www.biqukan.cc/article/30067/21294008.html
第一百一十八章 诱饵（继续求月票）,https://www.biqukan.cc/article/30067/21296360.html
第一百一十九章 红月,https://www.biqukan.cc/article/30067/21315579.html
第一百二十章 鏖战岛主,https://www.biqukan.cc/article/30067/21318441.html
第一百二十一章 举荐,https://www.biqukan.cc/article/30067/21367136.html
第一百二十二章 试炼,https://www.biqukan.cc/article/30067/21377206.html
第一百二十三章 黑海重水经,https://www.biqukan.cc/article/30067/21405902.html
第一百二十四章 土孙果和凝海晶,https://www.biqukan.cc/article/30067/21440705.html
第一百二十五章 凝练化身,https://www.biqukan.cc/article/30067/21463079.html
第一百二十六章 胁迫,https://www.biqukan.cc/article/30067/21477443.html
第一百二十七章 出乎意料,https://www.biqukan.cc/article/30067/21490677.html
第一百二十八章 破链（上）,https://www.biqukan.cc/article/30067/21493563.html
第一百二十九章 破链（下）,https://www.biqukan.cc/article/30067/21521316.html
第一百三十章 似曾相识（求票票）,https://www.biqukan.cc/article/30067/21537412.html
第一百三十一章 灵液化晶,https://www.biqukan.cc/article/30067/21551454.html
第一百三十二章 重水,https://www.biqukan.cc/article/30067/21553964.html
第一百三十三章 三大至尊法则,https://www.biqukan.cc/article/30067/21564480.html
第一百三十四章 逆天灵物,https://www.biqukan.cc/article/30067/21571826.html
第一百三十五章 本命八灵缸,https://www.biqukan.cc/article/30067/21582275.html
第一百三十六章 安排,https://www.biqukan.cc/article/30067/21585130.html
第一百三十七章 黑风城,https://www.biqukan.cc/article/30067/21594685.html
第一百三十八章 仙元石和地丹师,https://www.biqukan.cc/article/30067/21597469.html
第一百三十九章 仙界丹师,https://www.biqukan.cc/article/30067/21608453.html
第一百四十章 道丹,https://www.biqukan.cc/article/30067/21611862.html
第一百四十一章 炼丹比试（新年快乐）,https://www.biqukan.cc/article/30067/21655865.html
第一百四十二章 不可兼得,https://www.biqukan.cc/article/30067/21718542.html
第一百四十三章 寻人,https://www.biqukan.cc/article/30067/21767022.html
第一百四十四章 失踪的岛主之女,https://www.biqukan.cc/article/30067/21781921.html
第一百四十五章 寻迹追踪,https://www.biqukan.cc/article/30067/21804169.html
凡人十年感言！！！,https://www.biqukan.cc/article/30067/21805500.html
第一百四十六章 青羽岛二修,https://www.biqukan.cc/article/30067/21806811.html
第一百四十七章 夺功,https://www.biqukan.cc/article/30067/21817000.html
第一百四十八章 斗三煞(凡人十周年求月票）,https://www.biqukan.cc/article/30067/21821932.html
第一百四十九章 大拍卖会,https://www.biqukan.cc/article/30067/21877537.html
第一百五十章 竞价,https://www.biqukan.cc/article/30067/21889702.html
第一百五十一章 重水雷珠,https://www.biqukan.cc/article/30067/21909121.html
第一百五十二章 初见道丹,https://www.biqukan.cc/article/30067/21911871.html
第一百五十三章 参悟雷珠,https://www.biqukan.cc/article/30067/21937138.html
第一百五十四章 烛龙道,https://www.biqukan.cc/article/30067/21941228.html
第一百五十五章 离去,https://www.biqukan.cc/article/30067/21955716.html
第一百五十六章 叵测仙途,https://www.biqukan.cc/article/30067/21958538.html
第一百五十七章 仙栈,https://www.biqukan.cc/article/30067/21993774.html
第一百五十八章 启程,https://www.biqukan.cc/article/30067/22007489.html
第一百五十九章 一路往东,https://www.biqukan.cc/article/30067/22022140.html
第一百六十章 甘九真,https://www.biqukan.cc/article/30067/22025494.html
第一百六十一章 困斗,https://www.biqukan.cc/article/30067/22086331.html
第一百六十二章 赠符,https://www.biqukan.cc/article/30067/22089659.html
第一百六十三章 兽潮之殃(最后一天了，求月票）,https://www.biqukan.cc/article/30067/22114417.html
第一百六十四章 隐藏的强者,https://www.biqukan.cc/article/30067/22140888.html
十年蹉跎凡人梦，一朝成就众友心,https://www.biqukan.cc/article/30067/22158644.html
第一百六十五章 似曾相识,https://www.biqukan.cc/article/30067/22164271.html
第一百六十六章 速之法则,https://www.biqukan.cc/article/30067/22167494.html
第一百六十七章 封婴之仇,https://www.biqukan.cc/article/30067/22178258.html
第一百六十八章 追逃,https://www.biqukan.cc/article/30067/22181386.html
第一百六十九章 反击,https://www.biqukan.cc/article/30067/22190744.html
第一百七十章 迁怒,https://www.biqukan.cc/article/30067/22193643.html
第一百七十一章 被逼无奈,https://www.biqukan.cc/article/30067/22204498.html
第一百七十二章 做个了结,https://www.biqukan.cc/article/30067/22207477.html
第一百七十三章 似真似幻,https://www.biqukan.cc/article/30067/22225132.html
第一百七十四章 背后主使？,https://www.biqukan.cc/article/30067/22245368.html
第一百七十五章 跨海雷舟,https://www.biqukan.cc/article/30067/22276712.html
第一百七十六章 雷暴,https://www.biqukan.cc/article/30067/22289623.html
第一百七十七章 深海巨蚌,https://www.biqukan.cc/article/30067/22301928.html
第一百七十八章 蚌口取珠,https://www.biqukan.cc/article/30067/22309206.html
第一百七十九章 踏足新大陆,https://www.biqukan.cc/article/30067/22325355.html
第一百八十章 感应,https://www.biqukan.cc/article/30067/22328528.html
第一百八十一章 天魔夺舍,https://www.biqukan.cc/article/30067/22338880.html
第一百八十二章 祭天,https://www.biqukan.cc/article/30067/22341668.html
第一百八十三章 太峨诛魔,https://www.biqukan.cc/article/30067/22352515.html
第一百八十四章 一个请求,https://www.biqukan.cc/article/30067/22357196.html
第一百八十五章 初入烛龙,https://www.biqukan.cc/article/30067/22391701.html
第一百八十六章 打算,https://www.biqukan.cc/article/30067/22394614.html
第一百八十七章 资质低下,https://www.biqukan.cc/article/30067/22403801.html
第一百八十八章 金仙收徒,https://www.biqukan.cc/article/30067/22405260.html
第一百八十九章 洞府与守山兽,https://www.biqukan.cc/article/30067/22417762.html
第一百九十章 无相真轮经,https://www.biqukan.cc/article/30067/22420776.html
第一百九十一章 真仙仆从,https://www.biqukan.cc/article/30067/22430414.html
第一百九十二章 选仆,https://www.biqukan.cc/article/30067/22432565.html
第一百九十三章 守山灵兽,https://www.biqukan.cc/article/30067/22443231.html
第一百九十四章 气息再现,https://www.biqukan.cc/article/30067/22446178.html
第一百九十五章 火脉现踪,https://www.biqukan.cc/article/30067/22458586.html
第一百九十六章 布置,https://www.biqukan.cc/article/30067/22471796.html
第一百九十七章 真言化轮经,https://www.biqukan.cc/article/30067/22528575.html
第一百九十八章 狗屎运,https://www.biqukan.cc/article/30067/22545357.html
第一百九十九章 北斗天星盘,https://www.biqukan.cc/article/30067/22576755.html
第二百章 宝轮初成,https://www.biqukan.cc/article/30067/22579530.html
第二百零一章 出现异常,https://www.biqukan.cc/article/30067/22595129.html
第二百零二章 重水真轮,https://www.biqukan.cc/article/30067/22596697.html
第二百零三章 初入太玄殿,https://www.biqukan.cc/article/30067/22613536.html
第二百零四章 派系之争,https://www.biqukan.cc/article/30067/22626384.html
第二百零五章 逆元石剑,https://www.biqukan.cc/article/30067/22668338.html
第二百零六章 把握分寸,https://www.biqukan.cc/article/30067/22669812.html
第二百零七章 第四柄石剑,https://www.biqukan.cc/article/30067/22692953.html
第二百零八章 天剑冢,https://www.biqukan.cc/article/30067/22697138.html
第二百零九章 千锋聚灵,https://www.biqukan.cc/article/30067/22717797.html
第二百一十章 群剑乱舞,https://www.biqukan.cc/article/30067/22721222.html
第二百一十一章 逆转,https://www.biqukan.cc/article/30067/22773168.html
第二百一十二章 破空,https://www.biqukan.cc/article/30067/22775970.html
第二百一十三章 回来了,https://www.biqukan.cc/article/30067/22821044.html
第二百一十四章 六道,https://www.biqukan.cc/article/30067/22827935.html
第二百一十五章 群猴拜仙,https://www.biqukan.cc/article/30067/22859919.html
第二百一十六章 钟鸣声起,https://www.biqukan.cc/article/30067/22863099.html
第二百一十七章 邋遢老头,https://www.biqukan.cc/article/30067/22896465.html
第二百一十八章 一个巧合,https://www.biqukan.cc/article/30067/22899668.html
第二百一十九章 小试锋芒,https://www.biqukan.cc/article/30067/22965818.html
第二百二十章 顺道为之,https://www.biqukan.cc/article/30067/22972888.html
第二百二十一章 醍醐论道,https://www.biqukan.cc/article/30067/22991405.html
第二百二十二章 酒逢知己,https://www.biqukan.cc/article/30067/22994776.html
第二百二十三章 印记,https://www.biqukan.cc/article/30067/23021648.html
第二百二十四章 移祸江东,https://www.biqukan.cc/article/30067/23030162.html
第二百二十五章 又见孙克,https://www.biqukan.cc/article/30067/23041284.html
第二百二十六章 仙俗,https://www.biqukan.cc/article/30067/23044201.html
第二百二十七章 三路,https://www.biqukan.cc/article/30067/23057789.html
第二百二十八章 差距,https://www.biqukan.cc/article/30067/23069082.html
第二百二十九章 被困,https://www.biqukan.cc/article/30067/23088196.html
第二百三十章 话多,https://www.biqukan.cc/article/30067/23091567.html
第二百三十一章 重水之威,https://www.biqukan.cc/article/30067/23101338.html
第二百三十二章 释疑,https://www.biqukan.cc/article/30067/23104481.html
第二百三十三章 植豆兵,https://www.biqukan.cc/article/30067/23114310.html
第二百三十四章 猴儿酒,https://www.biqukan.cc/article/30067/23116901.html
第二百三十五章 猴王献宝,https://www.biqukan.cc/article/30067/23126555.html
凡人第九届书评赛“梦想不死”杯正式开赛,https://www.biqukan.cc/article/30067/23127981.html
第二百三十六章 初涉仙丹,https://www.biqukan.cc/article/30067/23129326.html
第二百三十七章 法则炼丹,https://www.biqukan.cc/article/30067/23139572.html
第二百三十八章 囊中羞涩,https://www.biqukan.cc/article/30067/23142464.html
第二百三十九章 狂人,https://www.biqukan.cc/article/30067/23153091.html
第二百四十章 金仙议事,https://www.biqukan.cc/article/30067/23155446.html
第二百四十一章 麟九传讯,https://www.biqukan.cc/article/30067/23170014.html
第二百四十二章 熔金炼剑,https://www.biqukan.cc/article/30067/23172857.html
第二百四十三章 极寒,https://www.biqukan.cc/article/30067/23185121.html
第二百四十四章 判断,https://www.biqukan.cc/article/30067/23185122.html
第二百四十五章 入谷,https://www.biqukan.cc/article/30067/23195094.html
第二百四十六章 燃婴血丹,https://www.biqukan.cc/article/30067/23198095.html
第二百四十七章 避其锋芒,https://www.biqukan.cc/article/30067/23208942.html
第二百四十八章 临死一击,https://www.biqukan.cc/article/30067/23211317.html
第二百四十九章 招惹仙宫,https://www.biqukan.cc/article/30067/23227003.html
第二百五十章 身陷绝境,https://www.biqukan.cc/article/30067/23241302.html
第二百五十一章 拖延,https://www.biqukan.cc/article/30067/23255368.html
第二百五十二章 金仙的威胁,https://www.biqukan.cc/article/30067/23266104.html
第二百五十三章 惹麻烦,https://www.biqukan.cc/article/30067/23269209.html
第二百五十四章 争炉,https://www.biqukan.cc/article/30067/23278753.html
第二百五十五章 避风头,https://www.biqukan.cc/article/30067/23281706.html
第二百五十六章 闲事,https://www.biqukan.cc/article/30067/23291638.html
第二百五十七章 还人情,https://www.biqukan.cc/article/30067/23297151.html
第二百五十八章 启盒,https://www.biqukan.cc/article/30067/23313169.html
第二百五十九章 忙碌,https://www.biqukan.cc/article/30067/23325358.html
第二百六十章 炼剑,https://www.biqukan.cc/article/30067/23344660.html
第二百六十一章 浮山异变,https://www.biqukan.cc/article/30067/23349334.html
第二百六十二章 出关,https://www.biqukan.cc/article/30067/23375238.html
第二百六十三章 试验真轮,https://www.biqukan.cc/article/30067/23382122.html
第二百六十四章 托付身后事,https://www.biqukan.cc/article/30067/23391536.html
第二百六十五章 极限尝试,https://www.biqukan.cc/article/30067/23394259.html
第二百六十六章 五千奖励,https://www.biqukan.cc/article/30067/23413046.html
第二百六十七章 白雀,https://www.biqukan.cc/article/30067/23425582.html
第二百六十八章 念羽,https://www.biqukan.cc/article/30067/23439973.html
第二百六十九章 真实之眼,https://www.biqukan.cc/article/30067/23449593.html
第二百七十章 时空补缺,https://www.biqukan.cc/article/30067/23462017.html
第二百七十一章 真眼之实,https://www.biqukan.cc/article/30067/23465072.html
第二百七十二章 逆转真轮,https://www.biqukan.cc/article/30067/23486236.html
第二百七十三章 惊诧,https://www.biqukan.cc/article/30067/23520149.html
第二百七十四章 大耳僧讲道,https://www.biqukan.cc/article/30067/23547137.html
第二百七十五章 偷道的代价,https://www.biqukan.cc/article/30067/23558302.html
第二百七十六章 闭关百年,https://www.biqukan.cc/article/30067/23592494.html
第二百七十七章 法言天地,https://www.biqukan.cc/article/30067/23596180.html
第二百七十八章 回溯,https://www.biqukan.cc/article/30067/23644736.html
第二百七十九章 母豆发芽,https://www.biqukan.cc/article/30067/23727026.html
第二百八十章 豆兵异变,https://www.biqukan.cc/article/30067/23818972.html
第二百八十一章 圣傀门,https://www.biqukan.cc/article/30067/23890242.html
第二百八十二章 驻守三年,https://www.biqukan.cc/article/30067/23898714.html
第二百八十三章 白家老祖,https://www.biqukan.cc/article/30067/23914401.html
第二百八十四章 另一暗势力,https://www.biqukan.cc/article/30067/23918650.html
第二百八十五章 破阵进击,https://www.biqukan.cc/article/30067/23941307.html
第二百八十六章 一触即发,https://www.biqukan.cc/article/30067/23960508.html
第二百八十七章 二对三,https://www.biqukan.cc/article/30067/23979077.html
第二百八十八章 援手,https://www.biqukan.cc/article/30067/23999913.html
第二百八十九章 谈崩,https://www.biqukan.cc/article/30067/24014470.html
第二百九十章 静观其变,https://www.biqukan.cc/article/30067/24026861.html
第二百九十一章 驰援,https://www.biqukan.cc/article/30067/24056511.html
第二百九十二章 救援,https://www.biqukan.cc/article/30067/24056512.html
第二百九十三章 解惑,https://www.biqukan.cc/article/30067/24065680.html
第二百九十四章 禁地与金仙傀儡,https://www.biqukan.cc/article/30067/24078947.html
第二百九十五章 大周天星元功,https://www.biqukan.cc/article/30067/24096800.html
第二百九十六章 刀剑相逢,https://www.biqukan.cc/article/30067/24123102.html
第二百九十七章 冤家路窄,https://www.biqukan.cc/article/30067/24149502.html
第二百九十八章颓势,https://www.biqukan.cc/article/30067/24169701.html
第二百九十九章 动一下试试？,https://www.biqukan.cc/article/30067/24187554.html
第三百章 不详,https://www.biqukan.cc/article/30067/24199684.html
第三百零一章 煞,https://www.biqukan.cc/article/30067/24212827.html
第三百零二章 针锋相对,https://www.biqukan.cc/article/30067/24224711.html
第三百零三章 震惊,https://www.biqukan.cc/article/30067/24236741.html
第三百零四章 灵煞晶丝,https://www.biqukan.cc/article/30067/24249011.html
第三百零五章 手段尽出,https://www.biqukan.cc/article/30067/24261393.html
第三百零六章 不要也罢,https://www.biqukan.cc/article/30067/24272202.html
第三百零七章 仙傀儡,https://www.biqukan.cc/article/30067/24284569.html
第三百零八章 改造,https://www.biqukan.cc/article/30067/24298030.html
第三百零九章 进阶后期,https://www.biqukan.cc/article/30067/24316916.html
第三百一十章 两株花,https://www.biqukan.cc/article/30067/24335620.html
第三百一十一章 植豆入,https://www.biqukan.cc/article/30067/24349011.html
第三百一十二章 雷豆（六一快乐^^）,https://www.biqukan.cc/article/30067/24361440.html
第三百一十三章 另辟蹊径,https://www.biqukan.cc/article/30067/24371499.html
第三百一十四章 融合,https://www.biqukan.cc/article/30067/24383158.html
第三百一十五章 第一道主,https://www.biqukan.cc/article/30067/24394026.html
第三百一十六章 祁良之邀,https://www.biqukan.cc/article/30067/24401641.html
第三百一十七章 天蝎令,https://www.biqukan.cc/article/30067/24434390.html
第三百一十八章 交换会,https://www.biqukan.cc/article/30067/24434391.html
第三百一十九章 消息,https://www.biqukan.cc/article/30067/24437961.html
第三百二十章 地下拍卖会,https://www.biqukan.cc/article/30067/24452546.html
第三百二十一章 共生纹,https://www.biqukan.cc/article/30067/24475493.html
第三百二十二章 天价争夺,https://www.biqukan.cc/article/30067/24488809.html
第三百二十三章 识货人,https://www.biqukan.cc/article/30067/24497984.html
第三百二十四章 炼化,https://www.biqukan.cc/article/30067/24509816.html
第三百二十五章 一息十块,https://www.biqukan.cc/article/30067/24523252.html
第三百二十六章 陆续到场,https://www.biqukan.cc/article/30067/24537585.html
第三百二十七章 天人有五衰,https://www.biqukan.cc/article/30067/24554267.html
第三百二十八章 蒙在鼓里,https://www.biqukan.cc/article/30067/24572861.html
第三百二十九章 轮回殿要犯（端午节快乐）,https://www.biqukan.cc/article/30067/24589455.html
第三百三十章 混乱,https://www.biqukan.cc/article/30067/24616100.html
第三百三十一章 屠鸡宰狗,https://www.biqukan.cc/article/30067/24638605.html
第三百三十二章 地底异动,https://www.biqukan.cc/article/30067/24665018.html
第三百三十三章 巨首,https://www.biqukan.cc/article/30067/24678566.html
第三百三十四章 困龙之斗,https://www.biqukan.cc/article/30067/24693322.html
第三百三十五章 业火归身,https://www.biqukan.cc/article/30067/24704832.html
第三百三十六章 想起来了,https://www.biqukan.cc/article/30067/24725179.html
第三百三十七章 极山再现,https://www.biqukan.cc/article/30067/24745196.html
第三百三十八章 宝轮显威,https://www.biqukan.cc/article/30067/24757210.html
第三百三十九章 巨瞳,https://www.biqukan.cc/article/30067/24789554.html
第三百四十章 诱敌,https://www.biqukan.cc/article/30067/24817000.html
第三百四十一章 炼婴,https://www.biqukan.cc/article/30067/24833667.html
第三百四十二章 离宗,https://www.biqukan.cc/article/30067/24847394.html
第三百四十三章 打算,https://www.biqukan.cc/article/30067/24857960.html
第三百四十四章 收获,https://www.biqukan.cc/article/30067/24868704.html
第三百四十五章 避风头,https://www.biqukan.cc/article/30067/24882982.html
第三百四十六章 悬赏追杀,https://www.biqukan.cc/article/30067/24896087.html
第三百四十七章 名额,https://www.biqukan.cc/article/30067/24907741.html
第三百四十八章 旁敲侧击,https://www.biqukan.cc/article/30067/24949435.html
第三百四十九章 耐人寻味,https://www.biqukan.cc/article/30067/25079931.html
第三百五十章 封城,https://www.biqukan.cc/article/30067/25160522.html
第三百五十一章 路遇纷争,https://www.biqukan.cc/article/30067/25265743.html
第三百五十二章 暴露身份,https://www.biqukan.cc/article/30067/25290532.html
第三百五十三章 重返乌蒙,https://www.biqukan.cc/article/30067/25311360.html
第三百五十四章 选址,https://www.biqukan.cc/article/30067/25323644.html
第三百五十五章 封岛,https://www.biqukan.cc/article/30067/25340596.html
第三百五十六章 万轮丹,https://www.biqukan.cc/article/30067/25382049.html
第三百五十七章 最后一步,https://www.biqukan.cc/article/30067/25434511.html
第三百五十八章 豚兽赠石,https://www.biqukan.cc/article/30067/25469372.html
第三百五十九章 回复,https://www.biqukan.cc/article/30067/25498986.html
第三百六十章 凑齐,https://www.biqukan.cc/article/30067/25521816.html
第三百六十一章 丹劫,https://www.biqukan.cc/article/30067/25551840.html
第三百六十二章 迁思回虑,https://www.biqukan.cc/article/30067/25577755.html
第三百六十三章 劫至,https://www.biqukan.cc/article/30067/25609355.html
第三百六十四章 孤注一掷,https://www.biqukan.cc/article/30067/25648667.html
第三百六十五章 暗流,https://www.biqukan.cc/article/30067/25662934.html
第三百六十六章 提前发作,https://www.biqukan.cc/article/30067/25676664.html
第三百六十七章 服丹,https://www.biqukan.cc/article/30067/25731660.html
第三百六十八章 你醒了,https://www.biqukan.cc/article/30067/25759533.html
第三百六十九章 师与徒,https://www.biqukan.cc/article/30067/25783064.html
第三百七十章 因果缘,https://www.biqukan.cc/article/30067/25838233.html
第三百七十一章 虚实难辨,https://www.biqukan.cc/article/30067/25875270.html
第三百七十二章 意外收获,https://www.biqukan.cc/article/30067/25899512.html
第三百七十三章 有消息了,https://www.biqukan.cc/article/30067/25959845.html
第三百七十四章 交易,https://www.biqukan.cc/article/30067/25971579.html
第三百七十五章 后半部,https://www.biqukan.cc/article/30067/25985586.html
第三百七十六章 轮回之子,https://www.biqukan.cc/article/30067/26027971.html
第三百七十七章 释疑,https://www.biqukan.cc/article/30067/26080224.html
第三百七十八章 地榜,https://www.biqukan.cc/article/30067/26130290.html
第三百七十九章 软禁,https://www.biqukan.cc/article/30067/26149846.html
第三百八十章 隐患,https://www.biqukan.cc/article/30067/26180577.html
第三百八十一章 各方势力,https://www.biqukan.cc/article/30067/26237916.html
第三百八十二章 替代方案,https://www.biqukan.cc/article/30067/26253057.html
第三百八十三章 离去,https://www.biqukan.cc/article/30067/26277033.html
第三百八十四章 异常,https://www.biqukan.cc/article/30067/26306930.html
第三百八十五章 偶遇,https://www.biqukan.cc/article/30067/26322310.html
第三百八十六章 警觉,https://www.biqukan.cc/article/30067/26362504.html
第三百八十七章 乱局,https://www.biqukan.cc/article/30067/26384702.html
第三百八十八章 深入惊风,https://www.biqukan.cc/article/30067/26403987.html
第三百八十九章 雾影重重,https://www.biqukan.cc/article/30067/26421473.html
第三百九十章 鬼首,https://www.biqukan.cc/article/30067/26432508.html
第三百九十一章 出手相助,https://www.biqukan.cc/article/30067/26465820.html
第三百九十二章 仙府临世,https://www.biqukan.cc/article/30067/26524590.html
第三百九十三章 折返,https://www.biqukan.cc/article/30067/26527028.html
第三百九十四章 暂别,https://www.biqukan.cc/article/30067/26555465.html
第三百九十五章 重塑,https://www.biqukan.cc/article/30067/26557925.html
第三百九十六章 准备,https://www.biqukan.cc/article/30067/26575368.html
第三百九十七章 有备无患,https://www.biqukan.cc/article/30067/26578024.html
第三百九十八章 临近,https://www.biqukan.cc/article/30067/26588326.html
第三百九十九章 另一个消息,https://www.biqukan.cc/article/30067/26591117.html
第四百章 集合,https://www.biqukan.cc/article/30067/26598981.html
第四百章零一章 欲盖弥彰,https://www.biqukan.cc/article/30067/26603748.html
第四百章零二章 入口,https://www.biqukan.cc/article/30067/26616683.html
第四百章零三章 封锁,https://www.biqukan.cc/article/30067/26618056.html
第四百章零四章 僵持,https://www.biqukan.cc/article/30067/26626551.html
第四百章零五章 齐聚,https://www.biqukan.cc/article/30067/26628727.html
第四百章零六章 请进,https://www.biqukan.cc/article/30067/26641769.html
第四百章零七章 一个请求,https://www.biqukan.cc/article/30067/26651651.html
第四百章零八章 入府,https://www.biqukan.cc/article/30067/26653001.html
第四百章零九章 失散,https://www.biqukan.cc/article/30067/26663598.html
第四百章一十章 雪狮,https://www.biqukan.cc/article/30067/26676737.html
第四百章一十一章 眼熟,https://www.biqukan.cc/article/30067/26690623.html
第四百章一十二章 跟随,https://www.biqukan.cc/article/30067/26697234.html
第四百章一十三章 传言,https://www.biqukan.cc/article/30067/26707027.html
第四百章一十四章 暴露,https://www.biqukan.cc/article/30067/26724377.html
第四百章一十五章 一言不合,https://www.biqukan.cc/article/30067/26760728.html
第四百章一十六章 联手,https://www.biqukan.cc/article/30067/26774587.html
第四百章一十七章 追兵,https://www.biqukan.cc/article/30067/26785657.html
第四百章一十八章 攀峰,https://www.biqukan.cc/article/30067/26815963.html
第四百章一十九章 禁斗,https://www.biqukan.cc/article/30067/26839854.html
第四百章二十章 登顶,https://www.biqukan.cc/article/30067/26842836.html
第四百章二十一章 大千世界,https://www.biqukan.cc/article/30067/26880420.html
第四百章二十二章 故技重施,https://www.biqukan.cc/article/30067/26882843.html
第四百章二十三章 诱饵,https://www.biqukan.cc/article/30067/26929451.html
第四百章二十四章 携手一击,https://www.biqukan.cc/article/30067/26931643.html
第四百章二十五章 觅宝,https://www.biqukan.cc/article/30067/26947166.html
第四百章二十六章 壁画,https://www.biqukan.cc/article/30067/26950939.html
第四百章二十七章 药园,https://www.biqukan.cc/article/30067/27005586.html
第四百章二十八章 断树,https://www.biqukan.cc/article/30067/27006997.html
第四百章二十九章 枯藤,https://www.biqukan.cc/article/30067/27038853.html
第四百章三十章 追兵,https://www.biqukan.cc/article/30067/27043324.html
第四百章三十一章 别有洞天,https://www.biqukan.cc/article/30067/27079601.html
第四百章三十二章 穿界碑,https://www.biqukan.cc/article/30067/27084583.html
第四百三十三章 失落的剑宗,https://www.biqukan.cc/article/30067/27134549.html
第四百三十四章 解剑,https://www.biqukan.cc/article/30067/27136026.html
第四百三十五章 剑海,https://www.biqukan.cc/article/30067/27173757.html
第四百三十六章 迷离,https://www.biqukan.cc/article/30067/27182626.html
第四百三十七章 旧怨,https://www.biqukan.cc/article/30067/27263888.html
第四百三十八章 剑斗,https://www.biqukan.cc/article/30067/27303937.html
第四百三十九章 极限,https://www.biqukan.cc/article/30067/27363928.html
第四百四十章 炼剑,https://www.biqukan.cc/article/30067/27375015.html
第四百四十一章 一剑荡天穹,https://www.biqukan.cc/article/30067/27392713.html
第四百四十二章 崩塌,https://www.biqukan.cc/article/30067/27396681.html
第四百四十三章 千钧一发,https://www.biqukan.cc/article/30067/27407379.html
第四百四十四章 空空如也,https://www.biqukan.cc/article/30067/27413815.html
第四百四十五章 无尽沙海,https://www.biqukan.cc/article/30067/27423927.html
第四百四十六章 生死大劫,https://www.biqukan.cc/article/30067/27430565.html
第四百四十七章 先天灵葫,https://www.biqukan.cc/article/30067/27447843.html
第四百四十八章 风起云涌,https://www.biqukan.cc/article/30067/27450275.html
第四百四十九章 蜃影重重,https://www.biqukan.cc/article/30067/27467922.html
第四百五十章 晚了一步,https://www.biqukan.cc/article/30067/27470479.html
第四百五十一章 宫殿,https://www.biqukan.cc/article/30067/27498158.html
第四百五十二章 禁锢,https://www.biqukan.cc/article/30067/27508766.html
第四百五十三章 倒戈,https://www.biqukan.cc/article/30067/27536404.html
第四百五十四章 相助,https://www.biqukan.cc/article/30067/27539956.html
第四百五十五章 女童,https://www.biqukan.cc/article/30067/27575287.html
第四百五十六章 小城,https://www.biqukan.cc/article/30067/27585897.html
第四百五十七章 顾虑,https://www.biqukan.cc/article/30067/27605402.html
第四百五十八章 五百年,https://www.biqukan.cc/article/30067/27605405.html
第四百五十九章 第三衰,https://www.biqukan.cc/article/30067/27624770.html
第四百六十章 雷池洗婴,https://www.biqukan.cc/article/30067/27663189.html
第四百六十一章 法则之奥（诸位道友，中秋快乐！）,https://www.biqukan.cc/article/30067/27700335.html
第四百六十二章 震撼,https://www.biqukan.cc/article/30067/27704995.html
第四百六十三章 另有乾坤,https://www.biqukan.cc/article/30067/27714706.html
第四百六十四章 天纵之才,https://www.biqukan.cc/article/30067/27726561.html
第四百六十五章 核心,https://www.biqukan.cc/article/30067/27747442.html
第四百六十六章 偏门,https://www.biqukan.cc/article/30067/27749941.html
第四百六十七章 凝煞破境,https://www.biqukan.cc/article/30067/27764754.html
第四百六十八章 灵域,https://www.biqukan.cc/article/30067/27767615.html
第四百六十九章 刹那光阴,https://www.biqukan.cc/article/30067/27804264.html
第四百七十章 出手,https://www.biqukan.cc/article/30067/27818216.html
第四百七十一章 域斗,https://www.biqukan.cc/article/30067/27864192.html
第四百七十二章 斩灵,https://www.biqukan.cc/article/30067/27867075.html
第四百七十三章 清点,https://www.biqukan.cc/article/30067/27885072.html
第四百七十四章 这是我的！,https://www.biqukan.cc/article/30067/27887775.html
第四百七十五章 找死,https://www.biqukan.cc/article/30067/27898975.html
第四百七十六章 暗流,https://www.biqukan.cc/article/30067/27898976.html
第四百七十七章 异象,https://www.biqukan.cc/article/30067/27911731.html
第四百七十八章 殿口,https://www.biqukan.cc/article/30067/27913368.html
第四百七十九章 偷窥,https://www.biqukan.cc/article/30067/27925097.html
第四百八十章 猝不及防,https://www.biqukan.cc/article/30067/27933323.html
第四百八十一章 一出好戏,https://www.biqukan.cc/article/30067/27933324.html
第四百八十二章 看下去,https://www.biqukan.cc/article/30067/27950328.html
第四百八十三章 域灵,https://www.biqukan.cc/article/30067/27956423.html
第四百八十四章 携手御灵,https://www.biqukan.cc/article/30067/27966061.html
第四百八十五章 出人意料,https://www.biqukan.cc/article/30067/27972960.html
第四百八十六章 嗜金仙,https://www.biqukan.cc/article/30067/27981542.html
第四百八十七章 金云丹劫,https://www.biqukan.cc/article/30067/27983762.html
第四百八十八章 仙使,https://www.biqukan.cc/article/30067/27992978.html
第四百八十九章 门后的世界,https://www.biqukan.cc/article/30067/27996867.html
第四百九十章 我信,https://www.biqukan.cc/article/30067/28007150.html
第四百九十一章 别有洞天,https://www.biqukan.cc/article/30067/28007151.html
第四百九十二章 隐瞒,https://www.biqukan.cc/article/30067/28021808.html
第四百九十三章 截丹,https://www.biqukan.cc/article/30067/28025688.html
第四百九十四章 灭杀,https://www.biqukan.cc/article/30067/28038710.html
第四百九十五章 出手,https://www.biqukan.cc/article/30067/28050191.html
第四百九十六章 纷争,https://www.biqukan.cc/article/30067/28052769.html
第四百九十七章 潜入,https://www.biqukan.cc/article/30067/28079042.html
第四百九十八章 夺丹,https://www.biqukan.cc/article/30067/28080986.html
第四百九十九章 对峙,https://www.biqukan.cc/article/30067/28089970.html
第五百章 混战,https://www.biqukan.cc/article/30067/28092466.html
第五百零一章 归魂,https://www.biqukan.cc/article/30067/28100533.html
第五百零二章 赶到,https://www.biqukan.cc/article/30067/28104427.html
第五百零三章 迟了,https://www.biqukan.cc/article/30067/28114137.html
第五百零四章 协力,https://www.biqukan.cc/article/30067/28115976.html
第五百零五章 气影,https://www.biqukan.cc/article/30067/28128475.html
第五百零六章 何苦,https://www.biqukan.cc/article/30067/28129793.html
第五百零七章 想杀谁？,https://www.biqukan.cc/article/30067/28142567.html
第五百零八章 良机,https://www.biqukan.cc/article/30067/28147848.html
第五百零九章 急攻,https://www.biqukan.cc/article/30067/28155936.html
第五百一十章 斩太乙,https://www.biqukan.cc/article/30067/28161359.html
第五百零一十一章 没想到,https://www.biqukan.cc/article/30067/28173504.html
第五百零一十二章 别离,https://www.biqukan.cc/article/30067/28175339.html
第五百一十三章 收获（开新卷了哦）,https://www.biqukan.cc/article/30067/28192254.html
第五百一十四章 重函秘宝,https://www.biqukan.cc/article/30067/28205774.html
第五百一十五章 暴富,https://www.biqukan.cc/article/30067/28210669.html
第五百一十六章 只进不出,https://www.biqukan.cc/article/30067/28223416.html
第五百一十七章 印证,https://www.biqukan.cc/article/30067/28228898.html
第五百一十八章 星河剑阵,https://www.biqukan.cc/article/30067/28236177.html
第五百一十九章 安排,https://www.biqukan.cc/article/30067/28241234.html
第五百二十章 浑水摸鱼,https://www.biqukan.cc/article/30067/28251448.html
第五百二十一章 尾随,https://www.biqukan.cc/article/30067/28256064.html
第五百二十二章 喜相逢,https://www.biqukan.cc/article/30067/28271917.html
第五百二十三章慰风尘,https://www.biqukan.cc/article/30067/28286852.html
第五百二十四章 凡尘往事,https://www.biqukan.cc/article/30067/28299686.html
第五百二十五章 无底洞,https://www.biqukan.cc/article/30067/28320107.html
第五百二十六章 复仇,https://www.biqukan.cc/article/30067/28350766.html
第五百二十七章 失踪了？,https://www.biqukan.cc/article/30067/28362828.html
第五百二十八章 出来见我,https://www.biqukan.cc/article/30067/28384256.html
第五百二十九章 上门,https://www.biqukan.cc/article/30067/28415046.html
第五百三十章 交换条件,https://www.biqukan.cc/article/30067/28428350.html
第五百三十一章 第三部功法,https://www.biqukan.cc/article/30067/28446529.html
第五百三十二章 初临元荒,https://www.biqukan.cc/article/30067/28459966.html
第五百三十三章 蛮荒逸事,https://www.biqukan.cc/article/30067/28485743.html
第五百三十四章 沙海,https://www.biqukan.cc/article/30067/28498382.html
第五百三十五章 迷踪,https://www.biqukan.cc/article/30067/28521275.html
第五百三十六章 妖族男子,https://www.biqukan.cc/article/30067/28537393.html
第五百三十七章 启程,https://www.biqukan.cc/article/30067/28556082.html
第五百三十八章 陌生气息,https://www.biqukan.cc/article/30067/28559405.html
第五百三十九章 沙海异兽,https://www.biqukan.cc/article/30067/28587802.html
第五百四十章 入蛮荒,https://www.biqukan.cc/article/30067/28590966.html
第五百四十一章 觅宝,https://www.biqukan.cc/article/30067/28607817.html
第五百四十二章 荒泽骨山,https://www.biqukan.cc/article/30067/28611529.html
第五百四十三章 纷争,https://www.biqukan.cc/article/30067/28656140.html
第五百四十四章 留下？,https://www.biqukan.cc/article/30067/28659509.html
第五百四十五章 上宾,https://www.biqukan.cc/article/30067/28683281.html
第五百四十六章 蛮荒大族,https://www.biqukan.cc/article/30067/28694879.html
第五百四十七章 盘桓,https://www.biqukan.cc/article/30067/28729078.html
第五百四十八章 三大功法,https://www.biqukan.cc/article/30067/28735736.html
第五百四十九章 梦回真言门,https://www.biqukan.cc/article/30067/28744574.html
第五百五十章 辛秘,https://www.biqukan.cc/article/30067/28747219.html
第五百五十一章 熟悉气息,https://www.biqukan.cc/article/30067/28758304.html
第五百五十二章 同仇敌忾,https://www.biqukan.cc/article/30067/28765137.html
第五百五十三章 鏖战,https://www.biqukan.cc/article/30067/28787710.html
第五百五十四章 第一声战鼓,https://www.biqukan.cc/article/30067/28797719.html
第五百五十五章 针锋相对,https://www.biqukan.cc/article/30067/28812446.html
第五百五十六章 猝不及防,https://www.biqukan.cc/article/30067/28818582.html
第五百五十七章 失算,https://www.biqukan.cc/article/30067/28831513.html
第五百五十八章 宿六,https://www.biqukan.cc/article/30067/28866005.html
第五百五十九章 臭虫,https://www.biqukan.cc/article/30067/28876066.html
第五百六十章 王,https://www.biqukan.cc/article/30067/28908634.html
第五百六十一章 无奈,https://www.biqukan.cc/article/30067/28915294.html
第五百六十二章 惊退,https://www.biqukan.cc/article/30067/28933625.html
第五百六十三章 密谋,https://www.biqukan.cc/article/30067/28942731.html
第五百六十四章 八灵聚首,https://www.biqukan.cc/article/30067/28963823.html
第五百六十五章 深入,https://www.biqukan.cc/article/30067/28971911.html
第五百六十六章 第三种,https://www.biqukan.cc/article/30067/28997684.html
第五百六十七章 来了,https://www.biqukan.cc/article/30067/29007359.html
第五百六十八章 夺路狂奔,https://www.biqukan.cc/article/30067/29051880.html
第五百六十九章 不仁不义,https://www.biqukan.cc/article/30067/29078600.html
第五百七十章 血洗,https://www.biqukan.cc/article/30067/29081630.html
第五百七十一章 祸水东引,https://www.biqukan.cc/article/30067/29108737.html
第五百七十二章 燃烧本源,https://www.biqukan.cc/article/30067/29123504.html
第五百七十三章 紧追不舍,https://www.biqukan.cc/article/30067/29161220.html
第五百七十四章 濒临极限,https://www.biqukan.cc/article/30067/29165334.html
第五百七十五章 绝境,https://www.biqukan.cc/article/30067/29175659.html
第五百七十六章 因果执念,https://www.biqukan.cc/article/30067/29181400.html
第五百七十七章 进退两难,https://www.biqukan.cc/article/30067/29194344.html
第五百七十八章 下探,https://www.biqukan.cc/article/30067/29211493.html
第五百七十九章 沉沦,https://www.biqukan.cc/article/30067/29213911.html
第五百八十章 因祸得福,https://www.biqukan.cc/article/30067/29224397.html
第五百八十一章 仙聚,https://www.biqukan.cc/article/30067/29227930.html
第五百八十二章 孤注一掷,https://www.biqukan.cc/article/30067/29236129.html
第五百八十三章 洞底,https://www.biqukan.cc/article/30067/29240391.html
第五百八十四章 两尸,https://www.biqukan.cc/article/30067/29258061.html
第五百八十五章 分魂,https://www.biqukan.cc/article/30067/29267799.html
第五百八十六章 化险为夷,https://www.biqukan.cc/article/30067/29269011.html
第五百八十七章 分食,https://www.biqukan.cc/article/30067/29278533.html
第五百八十八章 一搏,https://www.biqukan.cc/article/30067/29282230.html
第五百八十九章 苏醒,https://www.biqukan.cc/article/30067/29297953.html
第五百九十章 最后的准备,https://www.biqukan.cc/article/30067/29298826.html
第五百九十一章 葫中剑,https://www.biqukan.cc/article/30067/29309298.html
第五百九十二章 汹涌而至,https://www.biqukan.cc/article/30067/29311516.html
第五百九十三章 诱敌深入,https://www.biqukan.cc/article/30067/29323434.html
第五百九十四章 砍,https://www.biqukan.cc/article/30067/29326281.html
第五百九十五章 殊死相搏,https://www.biqukan.cc/article/30067/29339209.html
第五百九十六章 拼了,https://www.biqukan.cc/article/30067/29346216.html
第五百九十七章 你死我活,https://www.biqukan.cc/article/30067/29356524.html
第五百九十八章 断因果,https://www.biqukan.cc/article/30067/29362517.html
第五百九十九章 第五衰,https://www.biqukan.cc/article/30067/29367259.html
第六百章 对抗,https://www.biqukan.cc/article/30067/29370625.html
第六百零一章 事从权宜,https://www.biqukan.cc/article/30067/29378566.html
第六百零二章 出去走走,https://www.biqukan.cc/article/30067/29382599.html
第六百零三章 对弈,https://www.biqukan.cc/article/30067/29391434.html
第六百零四章 闲云野鹤,https://www.biqukan.cc/article/30067/29395868.html
第六百零五章 蛰伏,https://www.biqukan.cc/article/30067/29404615.html
第六百零六章 大道归一,https://www.biqukan.cc/article/30067/29406472.html
第六百零七章 神秘之河,https://www.biqukan.cc/article/30067/29414415.html
第六百零八章 片段,https://www.biqukan.cc/article/30067/29419331.html
第六百零九章 二入聚琨,https://www.biqukan.cc/article/30067/29426808.html
第六百一十章 一帛难求,https://www.biqukan.cc/article/30067/29428311.html
第六百一十一章 真实身份,https://www.biqukan.cc/article/30067/29437407.html
第六百一十二章 小道消息,https://www.biqukan.cc/article/30067/29442767.html
第六百一十三章 凡品仙价,https://www.biqukan.cc/article/30067/29460875.html
第六百一十四章 事出反常,https://www.biqukan.cc/article/30067/29499764.html
第六百一十五章 另一根兽骨,https://www.biqukan.cc/article/30067/29565206.html
第六百一十六章 惊诧,https://www.biqukan.cc/article/30067/29583198.html
第六百一十七章 陷阱,https://www.biqukan.cc/article/30067/29659265.html
第六百一十八章 怪盗,https://www.biqukan.cc/article/30067/29668434.html
第六百一十九章 真容,https://www.biqukan.cc/article/30067/29674246.html
第六百二十章 看戏,https://www.biqukan.cc/article/30067/29680688.html
第六百二十一章 原来是他,https://www.biqukan.cc/article/30067/29692979.html
第六百二十二章 花鸟鱼虫,https://www.biqukan.cc/article/30067/29692980.html
第六百二十三章 湖心小岛,https://www.biqukan.cc/article/30067/29722780.html
第六百二十四章 花枝,https://www.biqukan.cc/article/30067/29726293.html
第六百二十五章 “二指禅”,https://www.biqukan.cc/article/30067/29735598.html
第六百二十六章 安顿,https://www.biqukan.cc/article/30067/29738776.html
第六百二十七章 另寻他法,https://www.biqukan.cc/article/30067/29745416.html
第六百二十八章 摸索,https://www.biqukan.cc/article/30067/29800228.html
第六百二十九章 天魔斗,https://www.biqukan.cc/article/30067/29800233.html
第六百三十章 胶着,https://www.biqukan.cc/article/30067/29800238.html
第六百三十一章 筹码,https://www.biqukan.cc/article/30067/29800242.html
第六百三十二章 魔域,https://www.biqukan.cc/article/30067/29800246.html
第六百三十三章 炼瞳,https://www.biqukan.cc/article/30067/29800250.html
第六百三十四章 离奇之事,https://www.biqukan.cc/article/30067/29800254.html
第六百三十五章 又出事了,https://www.biqukan.cc/article/30067/29800259.html
第六百三十六章 融剑,https://www.biqukan.cc/article/30067/29800263.html
第六百三十七章 避风头,https://www.biqukan.cc/article/30067/29814956.html
第六百三十八章 器分九品,https://www.biqukan.cc/article/30067/29828738.html
第六百三十九章 热火遭难,https://www.biqukan.cc/article/30067/29834702.html
第六百四十章 没找错人(新年快乐）,https://www.biqukan.cc/article/30067/29842238.html
第六百四十一章 找上门（元旦快乐）,https://www.biqukan.cc/article/30067/29867208.html
第六百四十二章 不凑热闹,https://www.biqukan.cc/article/30067/29891637.html
第六百四十三章 去而复返,https://www.biqukan.cc/article/30067/29920639.html
第六百四十四章 整装待发,https://www.biqukan.cc/article/30067/29923657.html
第六百四十五章 我自逍遥,https://www.biqukan.cc/article/30067/29974060.html
第六百四十六章 打点,https://www.biqukan.cc/article/30067/29977084.html
第六百四十七章 地下城,https://www.biqukan.cc/article/30067/29994055.html
第六百四十八章 渡口,https://www.biqukan.cc/article/30067/29994522.html
第六百四十九章 失落宗门,https://www.biqukan.cc/article/30067/30023666.html
第六百五十章 出现了,https://www.biqukan.cc/article/30067/30028591.html
第六百五十一章 故地重游,https://www.biqukan.cc/article/30067/30054825.html
第六百五十二章 修复,https://www.biqukan.cc/article/30067/30056859.html
第六百五十三章 蠢蠢欲动,https://www.biqukan.cc/article/30067/30065135.html
第六百五十四章 先手,https://www.biqukan.cc/article/30067/30068472.html
第六百五十五章 乱流,https://www.biqukan.cc/article/30067/30077050.html
第六百五十六章 死城,https://www.biqukan.cc/article/30067/30083919.html
第六百五十七章 激斗水衍宫,https://www.biqukan.cc/article/30067/30093064.html
第六百五十八章 四人行,https://www.biqukan.cc/article/30067/30094209.html
第六百五十九章 五条路,https://www.biqukan.cc/article/30067/30101964.html
第六百六十章 尸魅,https://www.biqukan.cc/article/30067/30103712.html
第六百六十一章 大头童尸,https://www.biqukan.cc/article/30067/30111644.html
第六百六十二章 诱饵,https://www.biqukan.cc/article/30067/30113811.html
第六百六十三章 无奈之举,https://www.biqukan.cc/article/30067/30126200.html
第六百六十四章 不顾信义,https://www.biqukan.cc/article/30067/30131022.html
第六百六十五章 意外之喜,https://www.biqukan.cc/article/30067/30136919.html
第六百六十六章 晶莲,https://www.biqukan.cc/article/30067/30141752.html
第六百六十七章 火岁萤虫,https://www.biqukan.cc/article/30067/30152607.html
第六百六十八章 乱流,https://www.biqukan.cc/article/30067/30153934.html
第六百六十九章 缘法天地间,https://www.biqukan.cc/article/30067/30167342.html
第六百七十章 静止,https://www.biqukan.cc/article/30067/30170143.html
第六百七十一章 已经死了,https://www.biqukan.cc/article/30067/30177562.html
第六百七十二章 惊天指,https://www.biqukan.cc/article/30067/30179801.html
第六百七十三章 熟人,https://www.biqukan.cc/article/30067/30208981.html
第六百七十四章 顾虑,https://www.biqukan.cc/article/30067/30226540.html
第六百七十五章,https://www.biqukan.cc/article/30067/30233129.html
第六百七十六章,https://www.biqukan.cc/article/30067/30236980.html
第六百七十七章 尸骸,https://www.biqukan.cc/article/30067/30239055.html
第六百七十八章 煞胎,https://www.biqukan.cc/article/30067/30267549.html
第六百七十九章 空灵竹曲,https://www.biqukan.cc/article/30067/30276004.html
第六百八十章 怪人,https://www.biqukan.cc/article/30067/30283339.html
第六百八十一章 灰界生物,https://www.biqukan.cc/article/30067/30296771.html
第六百八十二章 初露端倪,https://www.biqukan.cc/article/30067/30296772.html
第六百八十三章 真言宫,https://www.biqukan.cc/article/30067/30306050.html
第六百八十四章 失联,https://www.biqukan.cc/article/30067/30308079.html
第六百八十五章 六识尽失,https://www.biqukan.cc/article/30067/30316103.html
第六百八十六章 重宝现,https://www.biqukan.cc/article/30067/30321466.html
第六百八十七章 不信,https://www.biqukan.cc/article/30067/30328455.html
第六百八十八章 以彼之道,https://www.biqukan.cc/article/30067/30337512.html
第六百八十九章 认出,https://www.biqukan.cc/article/30067/30346266.html
第六百九十章 险战,https://www.biqukan.cc/article/30067/30357403.html
第六百九十一章 星官,https://www.biqukan.cc/article/30067/30359935.html
第六百九十二章 灭宗之谜,https://www.biqukan.cc/article/30067/30403715.html
第六百九十三章 事发突然,https://www.biqukan.cc/article/30067/30433076.html
第六百九十四章 凝固,https://www.biqukan.cc/article/30067/30492634.html
第六百九十五章,https://www.biqukan.cc/article/30067/30498540.html
第六百九十六章 清点,https://www.biqukan.cc/article/30067/30519985.html
第六百九十七章 吞丹砂,https://www.biqukan.cc/article/30067/30526581.html
第六百九十八章 约定,https://www.biqukan.cc/article/30067/30529395.html
第六百九十九章 部落,https://www.biqukan.cc/article/30067/30535732.html
第七百章 演技,https://www.biqukan.cc/article/30067/30538103.html
第七百零一章 挑衅(新春快乐）,https://www.biqukan.cc/article/30067/30550943.html
第七百零二章 教训一下,https://www.biqukan.cc/article/30067/30560452.html
第七百零三章 价差,https://www.biqukan.cc/article/30067/30571337.html
第七百零四章 沾光,https://www.biqukan.cc/article/30067/30581380.html
第七百零五章 内乱,https://www.biqukan.cc/article/30067/30581381.html
第七百零六章 受邀,https://www.biqukan.cc/article/30067/30587567.html
第七百零七章 清点,https://www.biqukan.cc/article/30067/30588280.html
第七百零八章 会晤,https://www.biqukan.cc/article/30067/30595580.html
第七百零九章 两难境地,https://www.biqukan.cc/article/30067/30602793.html
第七百一十章 洗煞池,https://www.biqukan.cc/article/30067/30604672.html
第七百一十一章 冒险,https://www.biqukan.cc/article/30067/30612732.html
第七百一十二章 双首狐刀,https://www.biqukan.cc/article/30067/30613107.html
第七百一十三章 欲擒故纵,https://www.biqukan.cc/article/30067/30621496.html
第七百一十四章 拔刀,https://www.biqukan.cc/article/30067/30622599.html
第七百一十五章 封刀入鞘,https://www.biqukan.cc/article/30067/30636142.html
第七百一十六章 初临黑齿,https://www.biqukan.cc/article/30067/30648412.html
第七百一十七章 赴九幽,https://www.biqukan.cc/article/30067/30650241.html
第七百一十八章 波澜,https://www.biqukan.cc/article/30067/30656954.html
第七百一十九章 各怀心思,https://www.biqukan.cc/article/30067/30657756.html
第七百二十章 颠倒,https://www.biqukan.cc/article/30067/30671561.html
第七百二十一章 潜行,https://www.biqukan.cc/article/30067/30672396.html
第七百二十二章 再聚首,https://www.biqukan.cc/article/30067/30680112.html
第七百二十三章 窥视,https://www.biqukan.cc/article/30067/30680937.html
第七百二十四章 分头行动,https://www.biqukan.cc/article/30067/30687724.html
第七百二十五章 声东击西,https://www.biqukan.cc/article/30067/30688447.html
第七百二十六章 刻不容缓,https://www.biqukan.cc/article/30067/30697026.html
第七百二十七章 传闻,https://www.biqukan.cc/article/30067/30697823.html
第七百二十八章 惑敌乱真,https://www.biqukan.cc/article/30067/30710041.html
第七百二十九章 动手,https://www.biqukan.cc/article/30067/30719472.html
第七百三十章 横遭变故,https://www.biqukan.cc/article/30067/30721802.html
第七百三十一章 危局,https://www.biqukan.cc/article/30067/30736949.html
第七百三十二章 幽牢,https://www.biqukan.cc/article/30067/30738999.html
第七百三十三章 无间狱,https://www.biqukan.cc/article/30067/30758589.html
第七百三十四章 功亏一篑？,https://www.biqukan.cc/article/30067/30762867.html
第七百三十五章 植虫,https://www.biqukan.cc/article/30067/30768372.html
第七百三十六章 不得其解,https://www.biqukan.cc/article/30067/30776290.html
第七百三十七章 究竟是谁？,https://www.biqukan.cc/article/30067/30785751.html
第七百三十八章 坎坷经历,https://www.biqukan.cc/article/30067/30813877.html
第七百三十九章 脱困,https://www.biqukan.cc/article/30067/30834690.html
第七百四十章 约定,https://www.biqukan.cc/article/30067/30849857.html
第七百四十一章 失去联系,https://www.biqukan.cc/article/30067/30858165.html
第七百四十二章 合力退敌,https://www.biqukan.cc/article/30067/30896397.html
第七百四十三章 穷追不舍,https://www.biqukan.cc/article/30067/30897291.html
第七百四十四章 闯禁地,https://www.biqukan.cc/article/30067/30906060.html
第七百四十五章 殊死一搏,https://www.biqukan.cc/article/30067/30912028.html
第七百四十六章 再陷囹圄,https://www.biqukan.cc/article/30067/30920771.html
第七百四十七章 棋行险招,https://www.biqukan.cc/article/30067/30925703.html
第七百四十八章 太古异兽,https://www.biqukan.cc/article/30067/30934896.html
第七百四十九章 出世,https://www.biqukan.cc/article/30067/30939097.html
第七百五十章 二次解封,https://www.biqukan.cc/article/30067/30943615.html
第七百五十一章 明争暗斗,https://www.biqukan.cc/article/30067/30946438.html
第七百五十二章 惊人意外,https://www.biqukan.cc/article/30067/30956470.html
第七百五十三章 四色雷禁,https://www.biqukan.cc/article/30067/30957943.html
第七百五十四章 天狐老祖,https://www.biqukan.cc/article/30067/30967277.html
第七百五十五章 三品仙器？,https://www.biqukan.cc/article/30067/30968846.html
第七百五十六章 买卖,https://www.biqukan.cc/article/30067/30976217.html
第七百五十七章 入池,https://www.biqukan.cc/article/30067/30996384.html
第七百五十八章 不破不立,https://www.biqukan.cc/article/30067/31034376.html
第七百五十九章 斩链,https://www.biqukan.cc/article/30067/31048083.html
第七百六十章 一缕分魂,https://www.biqukan.cc/article/30067/31058425.html
第七百六十一章 师徒之情,https://www.biqukan.cc/article/30067/31080395.html
第七百六十二章 南柯一梦,https://www.biqukan.cc/article/30067/31080407.html
第七百六十三章 二斩雷链,https://www.biqukan.cc/article/30067/31114458.html
第七百六十四章 拼死一搏,https://www.biqukan.cc/article/30067/31116105.html
第七百六十五章 齐抗大罗,https://www.biqukan.cc/article/30067/31136687.html
第七百六十六章,https://www.biqukan.cc/article/30067/31137233.html
第七百六十七章 煞域,https://www.biqukan.cc/article/30067/31155367.html
第七百六十八章 出奇制胜,https://www.biqukan.cc/article/30067/31157506.html
第七百六十九章 搁置争议,https://www.biqukan.cc/article/30067/31189994.html
第七百七十章 进化,https://www.biqukan.cc/article/30067/31191078.html
第七百七十一章 迫在眉睫,https://www.biqukan.cc/article/30067/31203374.html
第七百七十二章 险象环生,https://www.biqukan.cc/article/30067/31242036.html
第七百七十三章 大难未死,https://www.biqukan.cc/article/30067/31268528.html
第七百七十四章 至净玉体,https://www.biqukan.cc/article/30067/31268530.html
第七百七十五章 进阶太乙,https://www.biqukan.cc/article/30067/31318564.html
第七百七十六章 觅红颜,https://www.biqukan.cc/article/30067/31332375.html
第七百七十七章 大皇子,https://www.biqukan.cc/article/30067/31351932.html
第七百七十八章 拦截,https://www.biqukan.cc/article/30067/31363911.html
第七百七十九章 剑戮群凶,https://www.biqukan.cc/article/30067/31396094.html
第七百八十章 斩草除根,https://www.biqukan.cc/article/30067/31396641.html
第七百八十一章 围追堵截,https://www.biqukan.cc/article/30067/31404544.html
第七百八十二章 战双羽,https://www.biqukan.cc/article/30067/31407385.html
第七百八十三章 经验之谈,https://www.biqukan.cc/article/30067/31419905.html
第七百八十四章 亡命奔逃,https://www.biqukan.cc/article/30067/31422162.html
第七百八十五章 驱虎吞狼,https://www.biqukan.cc/article/30067/31429954.html
第七百八十六章 向俗之心,https://www.biqukan.cc/article/30067/31431272.html
第七百八十七章 大肆收购,https://www.biqukan.cc/article/30067/31439215.html
第七百八十八章 意外交易,https://www.biqukan.cc/article/30067/31470002.html
第七百八十九章 真面目,https://www.biqukan.cc/article/30067/31471183.html
第七百九十章 黄雀在后,https://www.biqukan.cc/article/30067/31476505.html
第七百九十一章 弹指破敌,https://www.biqukan.cc/article/30067/31477804.html
第七百九十二章 奉主,https://www.biqukan.cc/article/30067/31487046.html
第七百九十三章 过门而不入,https://www.biqukan.cc/article/30067/31492219.html
第七百九十四章 释疑,https://www.biqukan.cc/article/30067/31499777.html
第七百九十五章 万物皆有时,https://www.biqukan.cc/article/30067/31502485.html
第七百九十六章 以逸待劳,https://www.biqukan.cc/article/30067/31510613.html
第七百九十七章 同体双姝,https://www.biqukan.cc/article/30067/31511604.html
第七百九十八章 自家地盘,https://www.biqukan.cc/article/30067/31519999.html
第七百九十九章 吞空而行,https://www.biqukan.cc/article/30067/31520847.html
第八百章 魔域商都,https://www.biqukan.cc/article/30067/31532255.html
第八百零一章 缺席,https://www.biqukan.cc/article/30067/31536827.html
第八百零二章 叛徒？,https://www.biqukan.cc/article/30067/31543577.html
第八百零三章 异常,https://www.biqukan.cc/article/30067/31545472.html
第八百零四章 诡异手段,https://www.biqukan.cc/article/30067/31557677.html
第八百零五章 中招,https://www.biqukan.cc/article/30067/31561897.html
第八百零六章 封魂,https://www.biqukan.cc/article/30067/31569051.html
第八百零七章 力破花镜,https://www.biqukan.cc/article/30067/31571822.html
第八百零八章 离城,https://www.biqukan.cc/article/30067/31578355.html
第八百零九章 强敌,https://www.biqukan.cc/article/30067/31579913.html
第八百一十章 暗渡楚禹,https://www.biqukan.cc/article/30067/31585569.html
第八百一十一章 绝不容情,https://www.biqukan.cc/article/30067/31588850.html
第八百一十二章 培炼,https://www.biqukan.cc/article/30067/31597959.html
第八百一十三章 发芽,https://www.biqukan.cc/article/30067/31599516.html
第八百一十四章 山野小镇,https://www.biqukan.cc/article/30067/31608334.html
第八百一十五章 搬山异兽,https://www.biqukan.cc/article/30067/31609287.html
第八百一十六章 五品仙灯,https://www.biqukan.cc/article/30067/31614855.html
第八百一十七章 掩人耳目,https://www.biqukan.cc/article/30067/31623776.html
第八百一十八章 阴魂不散,https://www.biqukan.cc/article/30067/31627318.html
第八百一十九章 念刃显威,https://www.biqukan.cc/article/30067/31644984.html
第八百二十章 怎么又是你？,https://www.biqukan.cc/article/30067/31645207.html
第八百二十一章 选举大典,https://www.biqukan.cc/article/30067/31656395.html
第八百二十二章 治世,https://www.biqukan.cc/article/30067/31658071.html
第八百二十三章 八皇子,https://www.biqukan.cc/article/30067/31670087.html
第八百二十四章 不动,https://www.biqukan.cc/article/30067/31693340.html
第八百二十五章 解围,https://www.biqukan.cc/article/30067/31693828.html
第八百二十六章 兄弟情深,https://www.biqukan.cc/article/30067/31726547.html
第八百二十七章 点阅,https://www.biqukan.cc/article/30067/31749671.html
第八百二十八章 初探坊市,https://www.biqukan.cc/article/30067/31769453.html
第八百二十九章 不必跟着了,https://www.biqukan.cc/article/30067/31773407.html
第八百三十章 慧眼识珠者,https://www.biqukan.cc/article/30067/31789852.html
第八百三十一章 寻医问药,https://www.biqukan.cc/article/30067/31790361.html
第八百三十二章 出关了,https://www.biqukan.cc/article/30067/31821610.html
第八百三十三章 觐见,https://www.biqukan.cc/article/30067/31823163.html
第八百三十四章 挑拨离间,https://www.biqukan.cc/article/30067/31832714.html
第八百三十五章 免礼,https://www.biqukan.cc/article/30067/31833023.html
第八百三十六章 赏赐,https://www.biqukan.cc/article/30067/31845028.html
第八百三十七章 冠冕堂皇,https://www.biqukan.cc/article/30067/31849233.html
第八百三十八章 肉身入境,https://www.biqukan.cc/article/30067/31859214.html
第八百三十九章 原来是这样,https://www.biqukan.cc/article/30067/31867163.html
第八百四十章 二斗照骨,https://www.biqukan.cc/article/30067/31869714.html
第八百四十一章 救主,https://www.biqukan.cc/article/30067/31920640.html
第八百四十二章 两个消息,https://www.biqukan.cc/article/30067/31921055.html
第八百四十三章 为红颜,https://www.biqukan.cc/article/30067/31942181.html
第八百四十四章 得罪,https://www.biqukan.cc/article/30067/31944024.html
第八百四十五章 流放,https://www.biqukan.cc/article/30067/31962929.html
第八百四十六章 冒险,https://www.biqukan.cc/article/30067/31963250.html
第八百四十七章 有进无出,https://www.biqukan.cc/article/30067/31976318.html
第八百四十八章 路漫漫,https://www.biqukan.cc/article/30067/31979420.html
第八百四十九章 捕鸟三人行,https://www.biqukan.cc/article/30067/32005407.html
第八百五十章 妙用,https://www.biqukan.cc/article/30067/32006564.html
第八百五十一章 踪迹全无,https://www.biqukan.cc/article/30067/32041571.html
第八百五十二章 线索,https://www.biqukan.cc/article/30067/32048323.html
第八百五十三章 蟹道人被擒,https://www.biqukan.cc/article/30067/32095097.html
第八百五十四章 不打不相识,https://www.biqukan.cc/article/30067/32095870.html
第八百五十五章 加入玄城？,https://www.biqukan.cc/article/30067/32103175.html
第八百五十六章 打不过就跑,https://www.biqukan.cc/article/30067/32106267.html
第八百五十七章 青羊城,https://www.biqukan.cc/article/30067/32113912.html
第八百五十八章 测试,https://www.biqukan.cc/article/30067/32114817.html
第八百五十九章 另有安排,https://www.biqukan.cc/article/30067/32122256.html
第八百六十章 玄斗士和玄斗场,https://www.biqukan.cc/article/30067/32124013.html
第八百六十一章 转化吸收,https://www.biqukan.cc/article/30067/32133664.html
第八百六十二章 嘘声四起,https://www.biqukan.cc/article/30067/32134077.html
第八百六十三章 不能再打了,https://www.biqukan.cc/article/30067/32139855.html
第八百六十四章 出人意料,https://www.biqukan.cc/article/30067/32141764.html
第八百六十五章 血池,https://www.biqukan.cc/article/30067/32152432.html
第八百六十六章 暗中陷害,https://www.biqukan.cc/article/30067/32153255.html
第八百六十七章 再次挑战,https://www.biqukan.cc/article/30067/32158839.html
第八百六十八章 或死或生,https://www.biqukan.cc/article/30067/32160410.html
第八百六十九章 声名渐起,https://www.biqukan.cc/article/30067/32171374.html
第八百七十章 骨千寻的邀请,https://www.biqukan.cc/article/30067/32175712.html
第八百七十一章 场上见真章,https://www.biqukan.cc/article/30067/32184846.html
第八百七十二章 赌约,https://www.biqukan.cc/article/30067/32185977.html
第八百七十三章 隐患,https://www.biqukan.cc/article/30067/32194360.html
第八百七十四章 刀疤之死,https://www.biqukan.cc/article/30067/32214808.html
第八百七十五章 闭窍之术,https://www.biqukan.cc/article/30067/32233106.html
第八百七十六章 功法互换,https://www.biqukan.cc/article/30067/32239570.html
第八百七十七章 冲击瓶颈,https://www.biqukan.cc/article/30067/32288029.html
第八百七十八章 信封与瓶子,https://www.biqukan.cc/article/30067/32307514.html
第八百七十九章 非常规手段,https://www.biqukan.cc/article/30067/32314626.html
第八百八十章 黑劫石,https://www.biqukan.cc/article/30067/32316163.html
第八百八十一章 时辰到了,https://www.biqukan.cc/article/30067/32324397.html
第八百八十二章 你做了什么？,https://www.biqukan.cc/article/30067/32326054.html
第八百八十三章 疯狂吸收,https://www.biqukan.cc/article/30067/32332701.html
第八百八十四章 复仇,https://www.biqukan.cc/article/30067/32334464.html
第八百八十五章 各怀目的,https://www.biqukan.cc/article/30067/32341450.html
第八百八十六章 联手,https://www.biqukan.cc/article/30067/32343687.html
第八百八十七章 一无所获,https://www.biqukan.cc/article/30067/32349630.html
第八百八十八章 神秘雕像,https://www.biqukan.cc/article/30067/32351568.html
第八百八十九章 谋逆,https://www.biqukan.cc/article/30067/32358871.html
第八百九十章 天煞镇狱功,https://www.biqukan.cc/article/30067/32360424.html
第八百九十一章 突飞猛进,https://www.biqukan.cc/article/30067/32366424.html
第八百九十二章 五城会武,https://www.biqukan.cc/article/30067/32373882.html
第八百九十三章 赴玄城,https://www.biqukan.cc/article/30067/32375841.html
第八百九十四章 小白脸,https://www.biqukan.cc/article/30067/32401323.html
第八百九十五章 动荡,https://www.biqukan.cc/article/30067/32402939.html
第八百九十六章 寻访六花,https://www.biqukan.cc/article/30067/32482505.html
第八百九十七章 闭门羹,https://www.biqukan.cc/article/30067/32487144.html
第八百九十八章 收徒,https://www.biqukan.cc/article/30067/32507820.html
第八百九十九章 一趟生意,https://www.biqukan.cc/article/30067/32518330.html
第九百章 动员,https://www.biqukan.cc/article/30067/32579722.html
第九百零一章 前夕,https://www.biqukan.cc/article/30067/32586362.html
第九百零二章 修罗场,https://www.biqukan.cc/article/30067/32617665.html
第九百零三章 重赏之下,https://www.biqukan.cc/article/30067/32619103.html
第九百零四章 杀心,https://www.biqukan.cc/article/30067/32660615.html
第九百零五章 一击毙命,https://www.biqukan.cc/article/30067/32661558.html
第九百零六章 下一轮的约定,https://www.biqukan.cc/article/30067/32686589.html
第九百零七章 激斗,https://www.biqukan.cc/article/30067/32688564.html
第九百零八章 当众挑衅,https://www.biqukan.cc/article/30067/32701198.html
第九百零九章 星器,https://www.biqukan.cc/article/30067/32702115.html
第九百一十章 算什么本事？,https://www.biqukan.cc/article/30067/32729378.html
第九百一十一章 崭露头角,https://www.biqukan.cc/article/30067/32737892.html
第九百一十二章 技惊四座,https://www.biqukan.cc/article/30067/32753877.html
第九百一十三章 传闻中的星器,https://www.biqukan.cc/article/30067/32756549.html
第九百一十四章 突然中断,https://www.biqukan.cc/article/30067/32786577.html
第九百一十五章 别有目的,https://www.biqukan.cc/article/30067/32788265.html
第九百一十六章 虚惊一场,https://www.biqukan.cc/article/30067/32803208.html
第九百一十七章 大墟,https://www.biqukan.cc/article/30067/32803837.html
第九百一十八章 疑惑,https://www.biqukan.cc/article/30067/32812465.html
第九百一十九章 深入险境,https://www.biqukan.cc/article/30067/32814337.html
第九百二十章 协作,https://www.biqukan.cc/article/30067/32863201.html
第九百二十一章 特立独行,https://www.biqukan.cc/article/30067/32885680.html
第九百二十二章 共筑星舟,https://www.biqukan.cc/article/30067/32904711.html
第九百二十三章 紫色身影,https://www.biqukan.cc/article/30067/32936641.html
第九百二十四章 蟹道人来访,https://www.biqukan.cc/article/30067/32936642.html
第九百二十五章 补救之法,https://www.biqukan.cc/article/30067/32944065.html
第九百二十六章 笼络,https://www.biqukan.cc/article/30067/32946068.html
第九百二十七章 私会,https://www.biqukan.cc/article/30067/32954157.html
第九百二十八章 起航,https://www.biqukan.cc/article/30067/32956288.html
第九百二十九章 动荡起伏,https://www.biqukan.cc/article/30067/32966041.html
第九百三十章 有惊无险,https://www.biqukan.cc/article/30067/32971323.html
第九百三十一章 突如其来,https://www.biqukan.cc/article/30067/32996029.html
第九百三十二章 初入大墟,https://www.biqukan.cc/article/30067/32996775.html
第九百三十三章 冤家路窄,https://www.biqukan.cc/article/30067/33001887.html
第九百三十四章 兄弟相残,https://www.biqukan.cc/article/30067/33003478.html
第九百三十五章 真相？,https://www.biqukan.cc/article/30067/33010894.html
第九百三十六章 反目,https://www.biqukan.cc/article/30067/33027807.html
第九百三十七章 圣骸,https://www.biqukan.cc/article/30067/33028435.html
第九百三十八章 异动,https://www.biqukan.cc/article/30067/33039245.html
第九百三十九章 关卡重重,https://www.biqukan.cc/article/30067/33041122.html
第九百四十章 血红钥匙,https://www.biqukan.cc/article/30067/33047808.html
第九百四十一章 围追堵截,https://www.biqukan.cc/article/30067/33050615.html
第九百四十二章 脱困,https://www.biqukan.cc/article/30067/33056631.html
第九百四十三章 第二座祭坛,https://www.biqukan.cc/article/30067/33062527.html
第九百四十四章 念斩符灵,https://www.biqukan.cc/article/30067/33074413.html
第九百四十五章 再携手,https://www.biqukan.cc/article/30067/33086010.html
第九百四十六章 各怀心思,https://www.biqukan.cc/article/30067/33110538.html
第九百四十七章 第二把钥匙？,https://www.biqukan.cc/article/30067/33115467.html
第九百四十八章 冲突爆发,https://www.biqukan.cc/article/30067/33122114.html
第九百四十九章 突然出现,https://www.biqukan.cc/article/30067/33123473.html
第九百五十章 解除后顾之忧,https://www.biqukan.cc/article/30067/33132296.html
第九百五十一章 各怀鬼胎,https://www.biqukan.cc/article/30067/33136574.html
第九百五十二章 玄修神物,https://www.biqukan.cc/article/30067/33144639.html
第九百五十三章 血门,https://www.biqukan.cc/article/30067/33146210.html
第九百五十四章 五角深坑,https://www.biqukan.cc/article/30067/33156393.html
第九百五十五章 埋骨之地,https://www.biqukan.cc/article/30067/33159164.html
第九百五十六章 入血池,https://www.biqukan.cc/article/30067/33168965.html
第九百五十七章 鳞晔孛,https://www.biqukan.cc/article/30067/33173646.html
第九百五十八章 泣血阵图,https://www.biqukan.cc/article/30067/33179079.html
第九百五十九章 突发变故,https://www.biqukan.cc/article/30067/33185256.html
第九百六十章 内斗,https://www.biqukan.cc/article/30067/33190561.html
第九百六十一章 生死交锋,https://www.biqukan.cc/article/30067/33197406.html
第九百六十二章 蓄势待发,https://www.biqukan.cc/article/30067/33203810.html
第九百六十三章 不简单,https://www.biqukan.cc/article/30067/33205707.html
第九百六十四章 入阵拜会！,https://www.biqukan.cc/article/30067/33220364.html
第九百六十五章 喧宾夺主,https://www.biqukan.cc/article/30067/33221284.html
第九百六十六章 引雷,https://www.biqukan.cc/article/30067/33226699.html
第九百六十七章 恩怨,https://www.biqukan.cc/article/30067/33229668.html
第九百六十八章 别打扰我,https://www.biqukan.cc/article/30067/33234852.html
第九百六十九章 阵中异样,https://www.biqukan.cc/article/30067/33236687.html
第九百七十章 据守,https://www.biqukan.cc/article/30067/33245278.html
第九百七十一章 雷霆手段,https://www.biqukan.cc/article/30067/33245745.html
第九百七十二章 私怨,https://www.biqukan.cc/article/30067/33251476.html
第九百七十三章 追寻,https://www.biqukan.cc/article/30067/33253243.html
第九百七十四章 魔君的身份？,https://www.biqukan.cc/article/30067/33266078.html
第九百七十五章 苦肉计,https://www.biqukan.cc/article/30067/33268225.html
第九百七十六章 摘心,https://www.biqukan.cc/article/30067/33278287.html
第九百七十七章 大皇子的报复,https://www.biqukan.cc/article/30067/33279972.html
第九百七十八章 任务完成,https://www.biqukan.cc/article/30067/33293722.html
第九百七十九章 蟹道人的主人,https://www.biqukan.cc/article/30067/33297622.html
第九百八十章 倾世红颜,https://www.biqukan.cc/article/30067/33313504.html
第九百八十一章 轮到你了,https://www.biqukan.cc/article/30067/33313681.html
第九百八十二章 借你一用,https://www.biqukan.cc/article/30067/33318735.html
第九百八十三章 复苏,https://www.biqukan.cc/article/30067/33334595.html
第九百八十四章 再回首，恍如隔世,https://www.biqukan.cc/article/30067/33343640.html
第九百八十五章 相逢若别离,https://www.biqukan.cc/article/30067/33354369.html
第九百八十六章 沉心静气,https://www.biqukan.cc/article/30067/33357766.html
第九百八十七章 突飞猛进,https://www.biqukan.cc/article/30067/33363112.html
第九百八十八章 聚变,https://www.biqukan.cc/article/30067/33370123.html
第九百八十九章 道天大劫,https://www.biqukan.cc/article/30067/33370946.html
第九百九十章 缘起黄金蟹,https://www.biqukan.cc/article/30067/33376609.html
第九百九十一章 无能为力,https://www.biqukan.cc/article/30067/33378408.html
第九百九十二章 秘境迷踪,https://www.biqukan.cc/article/30067/33398939.html
第九百九十三章 当年那一战,https://www.biqukan.cc/article/30067/33407512.html
第九百九十四章 是我？,https://www.biqukan.cc/article/30067/33440741.html
第九百九十五章 道别，珍重,https://www.biqukan.cc/article/30067/33441718.html
第九百九十六章 夜闯夜阳宫,https://www.biqukan.cc/article/30067/33453482.html
第九百九十七章 败絮其中,https://www.biqukan.cc/article/30067/33462923.html
第九百九十八章 协定,https://www.biqukan.cc/article/30067/33492676.html
第九百九十九章 后会无期,https://www.biqukan.cc/article/30067/33505087.html
第一千章 摆了一道,https://www.biqukan.cc/article/30067/33565555.html
第一千零一章 就这些能耐？,https://www.biqukan.cc/article/30067/33567680.html
第一千零二章 手起拳落,https://www.biqukan.cc/article/30067/33594635.html
第一千零三章 造化晶粒,https://www.biqukan.cc/article/30067/33595007.html
第一千零四章 混乱之地,https://www.biqukan.cc/article/30067/33612338.html
第一千零五章 举手之劳,https://www.biqukan.cc/article/30067/33620602.html
第一千零六章 一别多年,https://www.biqukan.cc/article/30067/33633262.html
第一千零七章 别有洞天,https://www.biqukan.cc/article/30067/33639410.html
第一千零八章 骨肉亲情,https://www.biqukan.cc/article/30067/33652019.html
第一千零九章 施救,https://www.biqukan.cc/article/30067/33659067.html
第一千零一十章 渊源,https://www.biqukan.cc/article/30067/33694032.html
第一千一十一章 不可思议之人,https://www.biqukan.cc/article/30067/33696394.html
第一千零一十二章 巧合齐汇于一身,https://www.biqukan.cc/article/30067/33739720.html
第一千零一十三章 难言之隐,https://www.biqukan.cc/article/30067/33739928.html
第一千零一十四章 主动上报,https://www.biqukan.cc/article/30067/33758131.html
第一千零一十五章 灭族,https://www.biqukan.cc/article/30067/33763182.html
第一千零一十六章 去去就回,https://www.biqukan.cc/article/30067/33795996.html
第一千零一十七章 等人,https://www.biqukan.cc/article/30067/33812171.html
第一千零一十八章 找上门来,https://www.biqukan.cc/article/30067/33823477.html
第一千零一十九章 请君入阵,https://www.biqukan.cc/article/30067/33844010.html
第一千零二十章 反制,https://www.biqukan.cc/article/30067/33848135.html
第一千零二十一章 上禀,https://www.biqukan.cc/article/30067/33858832.html
第一千零二十二章 独闯仙宫,https://www.biqukan.cc/article/30067/33860902.html
第一千零二十三章 树倒猢狲散,https://www.biqukan.cc/article/30067/33866264.html
第一千零二十四章 诛五恶,https://www.biqukan.cc/article/30067/33869854.html
第一千零二十五章 除恶务尽,https://www.biqukan.cc/article/30067/33877067.html
第一千零二十六章 一波未平,https://www.biqukan.cc/article/30067/33878180.html
第一千零二十七章 紧追不舍,https://www.biqukan.cc/article/30067/33901148.html
第一千零二十八章 怪泉,https://www.biqukan.cc/article/30067/33906298.html
第一千零二十九章 探秘,https://www.biqukan.cc/article/30067/33918206.html
第一千零三十章 金属兽,https://www.biqukan.cc/article/30067/33920089.html
第一千零三十一章 雅趣,https://www.biqukan.cc/article/30067/33931519.html
第一千零三十二章 耸人听闻,https://www.biqukan.cc/article/30067/33938869.html
第一千零三十三章 冲天异象,https://www.biqukan.cc/article/30067/33954116.html
第一千零三十四章 各方云集,https://www.biqukan.cc/article/30067/33961103.html
第一千零三十五章 太岁府,https://www.biqukan.cc/article/30067/33979727.html
第一千零三十六章 启封,https://www.biqukan.cc/article/30067/33990538.html
第一千零三十七章 紧锣密鼓,https://www.biqukan.cc/article/30067/34014708.html
第一千零三十八章 不讲究,https://www.biqukan.cc/article/30067/34016245.html
第一千零三十九章 欲擒故纵,https://www.biqukan.cc/article/30067/34042866.html
第一千零四十章 犬马之劳,https://www.biqukan.cc/article/30067/34058323.html
第一千零四十一章 惊险一幕,https://www.biqukan.cc/article/30067/34085858.html
第一千零四十二章 破阵,https://www.biqukan.cc/article/30067/34087463.html
第一千零四十三章 现敌踪,https://www.biqukan.cc/article/30067/34092959.html
第一千零四十四章 择路无悔,https://www.biqukan.cc/article/30067/34094457.html
第一千零四十五章 举棋不定,https://www.biqukan.cc/article/30067/34099456.html
第一千零四十六章 打头阵,https://www.biqukan.cc/article/30067/34100814.html
第一千零四十七章 不识抬举,https://www.biqukan.cc/article/30067/34106695.html
第一千零四十八章 真面目,https://www.biqukan.cc/article/30067/34107198.html
第一千零四十九章 破冰,https://www.biqukan.cc/article/30067/34111036.html
第一千零五十章 寻踪,https://www.biqukan.cc/article/30067/34118641.html
第一千零五十一章 暴露了？,https://www.biqukan.cc/article/30067/34144206.html
第一千零五十二章 跑得最快,https://www.biqukan.cc/article/30067/34145112.html
第一千零五十三章 举棋不定,https://www.biqukan.cc/article/30067/34150806.html
第一千零五十四章 分道扬镳,https://www.biqukan.cc/article/30067/34150808.html
第一千零五十五章 各施手段,https://www.biqukan.cc/article/30067/34161176.html
第一千零五十六章 虫巢,https://www.biqukan.cc/article/30067/34161177.html
第一千零五十七章 退无可退,https://www.biqukan.cc/article/30067/34165161.html
第一千零五十八章 囚塔,https://www.biqukan.cc/article/30067/34166674.html
第一千零五十九章 十八层,https://www.biqukan.cc/article/30067/34181333.html
第一千零六十章 神雷御鬼,https://www.biqukan.cc/article/30067/34182138.html
第一千零六十一章 大罗鬼王,https://www.biqukan.cc/article/30067/34189023.html
第一千零六十二章 自投罗网,https://www.biqukan.cc/article/30067/34190408.html
第一千零六十三章 再斗奇摩子,https://www.biqukan.cc/article/30067/34198196.html
第一千零六十四章 幻景,https://www.biqukan.cc/article/30067/34212440.html
第一千零六十五章 智取,https://www.biqukan.cc/article/30067/34226310.html
第一千零六十六章 注定一战,https://www.biqukan.cc/article/30067/34232894.html
第一千零六十七章 巧遇,https://www.biqukan.cc/article/30067/34242951.html
第一千零六十八章 出手,https://www.biqukan.cc/article/30067/34244161.html
第一千零六十九章 利奇马,https://www.biqukan.cc/article/30067/34254688.html
第一千零七十章 一路向前,https://www.biqukan.cc/article/30067/34256405.html
第一千零七十一章 交换条件,https://www.biqukan.cc/article/30067/34261738.html
第一千零七十二章 炼丝,https://www.biqukan.cc/article/30067/34261739.html
第一千零七十三章 暴涨,https://www.biqukan.cc/article/30067/34273051.html
第一千零七十四章 幻物,https://www.biqukan.cc/article/30067/34279193.html
第一千零七十五章 破幻,https://www.biqukan.cc/article/30067/34289961.html
第一千零七十六章 神灯异闻,https://www.biqukan.cc/article/30067/34291304.html
第一千零七十七章 第六层,https://www.biqukan.cc/article/30067/34299271.html
第一千零七十八章 坦白,https://www.biqukan.cc/article/30067/34317097.html
第一千零七十九章 一言为定,https://www.biqukan.cc/article/30067/34320722.html
第一千零八十章 一拳之约,https://www.biqukan.cc/article/30067/34335424.html
第一千零八十一章 舍命相救,https://www.biqukan.cc/article/30067/34337270.html
第一千零八十二章 重犯,https://www.biqukan.cc/article/30067/34346723.html
第一千零八十三章 反转,https://www.biqukan.cc/article/30067/34348402.html
第一千零八十四章 私通,https://www.biqukan.cc/article/30067/34357223.html
第一千零八十五章 退强敌,https://www.biqukan.cc/article/30067/34357294.html
第一千零八十六章 古剑,https://www.biqukan.cc/article/30067/34417519.html
第一千零八十七章 反常举动,https://www.biqukan.cc/article/30067/34419670.html
第一千零八十八章 拔剑大荒,https://www.biqukan.cc/article/30067/34426912.html
第一千零八十九章 出人意料,https://www.biqukan.cc/article/30067/34427529.html
第一千零九十章 惊退,https://www.biqukan.cc/article/30067/34432198.html
第一千零九十一章 封魔往事,https://www.biqukan.cc/article/30067/34433430.html
第一千零九十二章 第二座祭坛,https://www.biqukan.cc/article/30067/34437973.html
第一千零九十三章 晚了,https://www.biqukan.cc/article/30067/34439478.html
第一千零九十四章 退魔,https://www.biqukan.cc/article/30067/34443935.html
第一千零九十五章 合作,https://www.biqukan.cc/article/30067/34445223.html
第一千零九十六章 各怀心思,https://www.biqukan.cc/article/30067/34454006.html
第一千零九十七章 兵分三路,https://www.biqukan.cc/article/30067/34455040.html
第一千零九十八章 独闯,https://www.biqukan.cc/article/30067/34461477.html
第一千零九十九章 暗袭,https://www.biqukan.cc/article/30067/34463007.html
第一千一百章 暗度陈仓,https://www.biqukan.cc/article/30067/34467562.html
第一千一百零一章 实力大进,https://www.biqukan.cc/article/30067/34468736.html
第一千一百零二章 神灯之疑,https://www.biqukan.cc/article/30067/34477862.html
第一千一百零三章 后手,https://www.biqukan.cc/article/30067/34479161.html
第一千一百零四章 闯剑阵,https://www.biqukan.cc/article/30067/34483503.html
第一千一百零五章 剑阵通天,https://www.biqukan.cc/article/30067/34484821.html
第一千一百零六章 携手,https://www.biqukan.cc/article/30067/34491891.html
第一千一百零七章 觅阵枢,https://www.biqukan.cc/article/30067/34497262.html
第一千一百零八章 阵图之争,https://www.biqukan.cc/article/30067/34504594.html
第一千一百零九章 道兵阵,https://www.biqukan.cc/article/30067/34505608.html
第一千一百一十章 携手抗五行,https://www.biqukan.cc/article/30067/34521852.html
第一千一百一十一章 夺灯,https://www.biqukan.cc/article/30067/34525953.html
第一千一百一十二章 道胤真人,https://www.biqukan.cc/article/30067/34537193.html
第一千一百一十三章 困杀,https://www.biqukan.cc/article/30067/34540505.html
第一千一百一十四章 惨烈,https://www.biqukan.cc/article/30067/34549258.html
第一千一百一十五章 突破,https://www.biqukan.cc/article/30067/34557871.html
第一千一百一十六章 间不容发,https://www.biqukan.cc/article/30067/34565245.html
第一千一百一十七章 幡然醒悟(诸位道友，中秋快乐！）,https://www.biqukan.cc/article/30067/34569231.html
第一千一百一十八章 算账,https://www.biqukan.cc/article/30067/34577208.html
第一千一百一十九章 疯魔黑天,https://www.biqukan.cc/article/30067/34578419.html
第一千一百二十章 疯癫,https://www.biqukan.cc/article/30067/34586206.html
第一千一百二十一章 寻妻觅儿,https://www.biqukan.cc/article/30067/34588929.html
第一千一百二十二章 取灯,https://www.biqukan.cc/article/30067/34595202.html
第一千一百二十三章 揍,https://www.biqukan.cc/article/30067/34597344.html
第一千一百二十四章 太岁残灵,https://www.biqukan.cc/article/30067/34601786.html
第一千一百二十五章 追杀奇摩子,https://www.biqukan.cc/article/30067/34603497.html
第一千一百二十六章 鏖战奇摩子,https://www.biqukan.cc/article/30067/34609905.html
第一千一百二十七章 自陷,https://www.biqukan.cc/article/30067/34610728.html
第一千一百二十八章 入手神灯,https://www.biqukan.cc/article/30067/34615120.html
第一千一百二十九章 天人境,https://www.biqukan.cc/article/30067/34616828.html
第一千一百三十章 逃出生天,https://www.biqukan.cc/article/30067/34624145.html
第一千一百三十一章 牺牲与保全,https://www.biqukan.cc/article/30067/34624734.html
第一千一百三十二章 另一种报酬,https://www.biqukan.cc/article/30067/34628626.html
第一千一百三十三章 生灵涂炭,https://www.biqukan.cc/article/30067/34628796.html
第一千一百三十四章 金童被擒,https://www.biqukan.cc/article/30067/34637428.html
第一千一百三十五章 仙域之分,https://www.biqukan.cc/article/30067/34639161.html
第一千一百三十六章 轮回殿主,https://www.biqukan.cc/article/30067/34644211.html
第一千一百三十七章 庞然大物,https://www.biqukan.cc/article/30067/34645877.html
第一千一百三十八章 风起云涌,https://www.biqukan.cc/article/30067/34650358.html
第一千一百三十九章 排名急窜,https://www.biqukan.cc/article/30067/34652004.html
第一千一百四十章 被发现了,https://www.biqukan.cc/article/30067/34655874.html
第一千一百四十一章 踏虚而行,https://www.biqukan.cc/article/30067/34657234.html
第一千一百四十二章 妙法亲至,https://www.biqukan.cc/article/30067/34664182.html
第一千一百四十三章 在劫难逃,https://www.biqukan.cc/article/30067/34664707.html
第一千一百四十四章 唯一的机会,https://www.biqukan.cc/article/30067/34669810.html
第一千一百四十五章 再陷囹圄,https://www.biqukan.cc/article/30067/34670979.html
第一千一百四十六章 瓶灵现身,https://www.biqukan.cc/article/30067/34676155.html
第一千一百四十七章 再回真言门,https://www.biqukan.cc/article/30067/34677203.html
第一千一百四十八章 熟悉的一幕,https://www.biqukan.cc/article/30067/34677204.html
第一千一百四十九章 第七弟子,https://www.biqukan.cc/article/30067/34686127.html
第一千一百五十章 真言门之根基,https://www.biqukan.cc/article/30067/34700470.html
第一千一百五十一章 诸般神通,https://www.biqukan.cc/article/30067/34702422.html
第一千一百五十二章 拜师(诸位道友，国庆快乐^^),https://www.biqukan.cc/article/30067/34706166.html
第一千一百五十三章 入蛮荒,https://www.biqukan.cc/article/30067/34707816.html
第一千一百五十四章 八王血脉,https://www.biqukan.cc/article/30067/34712018.html
第一千一百五十五章 幼兽,https://www.biqukan.cc/article/30067/34713103.html
第一千一百五十六章 偶遇小白,https://www.biqukan.cc/article/30067/34719126.html
第一千一百五十七章 收获,https://www.biqukan.cc/article/30067/34720173.html
第一千一百五十八章 复活神灯,https://www.biqukan.cc/article/30067/34723908.html
第一千一百五十九章 一场交易,https://www.biqukan.cc/article/30067/34724864.html
第一千一百六十章 天降丹劫,https://www.biqukan.cc/article/30067/34742494.html
第一千一百六十一章 惊退,https://www.biqukan.cc/article/30067/34743568.html
第一千一百六十二章 八荒,https://www.biqukan.cc/article/30067/34747824.html
第一千一百六十三章 阻拦,https://www.biqukan.cc/article/30067/34748887.html
第一千一百六十四章 信物,https://www.biqukan.cc/article/30067/34752902.html
第一千一百六十五章 第二枚鳞片,https://www.biqukan.cc/article/30067/34754120.html
第一千一百六十六章 故人重逢,https://www.biqukan.cc/article/30067/34759304.html
第一千一百六十七章 天狐往事,https://www.biqukan.cc/article/30067/34761163.html
第一千一百六十八章 敌视,https://www.biqukan.cc/article/30067/34765371.html
第一千一百六十九章 如此小看,https://www.biqukan.cc/article/30067/34766479.html
第一千一百七十章 苏醒,https://www.biqukan.cc/article/30067/34773773.html
第一千一百七十一章 菩提盛宴,https://www.biqukan.cc/article/30067/34782241.html
第一千一百七十二章 铸阵,https://www.biqukan.cc/article/30067/34787308.html
第一千一百七十三章 血祀大会,https://www.biqukan.cc/article/30067/34789028.html
第一千一百七十四章 登山,https://www.biqukan.cc/article/30067/34803711.html
第一千一百七十五章 至顶,https://www.biqukan.cc/article/30067/34804779.html
第一千一百七十六章 你也入殿,https://www.biqukan.cc/article/30067/34811992.html
第一千一百七十七章 新王,https://www.biqukan.cc/article/30067/34813202.html
第一千一百七十八章 修罗血门,https://www.biqukan.cc/article/30067/34816891.html
第一千一百七十九章 唤灵,https://www.biqukan.cc/article/30067/34818361.html
第一千一百八十章 横生变数,https://www.biqukan.cc/article/30067/34822938.html
第一千一百八十一章 底气,https://www.biqukan.cc/article/30067/34824200.html
第一千一百八十二章 传承,https://www.biqukan.cc/article/30067/34830548.html
第一千一百八十三章 启三门,https://www.biqukan.cc/article/30067/34830743.html
第一千一百八十四章 我想试试,https://www.biqukan.cc/article/30067/34835577.html
第一千一百八十五章 进去了！,https://www.biqukan.cc/article/30067/34836940.html
第一千一百八十六章 传承,https://www.biqukan.cc/article/30067/34840882.html
第一千一百八十七章 出关,https://www.biqukan.cc/article/30067/34842009.html
第一千一百八十八章 婉拒,https://www.biqukan.cc/article/30067/34845746.html
第一千一百八十九章 两百年之约,https://www.biqukan.cc/article/30067/34850786.html
第一千一百九十章 五光雷池,https://www.biqukan.cc/article/30067/34851876.html
第一千一百九十一章 淬剑,https://www.biqukan.cc/article/30067/34855916.html
第一千一百九十二章 没把握,https://www.biqukan.cc/article/30067/34857490.html
第一千一百九十三章 乱象渐起,https://www.biqukan.cc/article/30067/34861259.html
第一千一百九十四章 进阶大罗,https://www.biqukan.cc/article/30067/34862612.html
第一千一百九十五章 天人境,https://www.biqukan.cc/article/30067/34870652.html
第一千一百九十六章 困顿,https://www.biqukan.cc/article/30067/34871784.html
第一千一百九十七章 瞬息万年,https://www.biqukan.cc/article/30067/34876242.html
第一千一百九十八章 万宝节,https://www.biqukan.cc/article/30067/34879967.html
第一千一百九十九章 目不暇接,https://www.biqukan.cc/article/30067/34884319.html
第一千二百章 竞价,https://www.biqukan.cc/article/30067/34885743.html
第一千二百零一章 露出端倪,https://www.biqukan.cc/article/30067/34893466.html
第一千二百零二章 暗中跟随,https://www.biqukan.cc/article/30067/34894786.html
第一千二百零三章 大罗之争,https://www.biqukan.cc/article/30067/34902886.html
第一千二百零四章 意外连连,https://www.biqukan.cc/article/30067/34903705.html
第一千二百零五章 惊退,https://www.biqukan.cc/article/30067/34908777.html
第一千二百零六章 破例,https://www.biqukan.cc/article/30067/34910258.html
第一千二百零七章 黑色面具,https://www.biqukan.cc/article/30067/34914142.html
第一千二百零八章 同舟而行,https://www.biqukan.cc/article/30067/34916173.html
第一千二百零九章 差空间,https://www.biqukan.cc/article/30067/34920189.html
第一千二百一十章 十八万年,https://www.biqukan.cc/article/30067/34921410.html
第一千二百一十一章 天灾,https://www.biqukan.cc/article/30067/34925456.html
第一千二百一十二章 三足小鼎,https://www.biqukan.cc/article/30067/34926758.html
第一千二百一十三章 了因果,https://www.biqukan.cc/article/30067/34931053.html
第一千二百一十四章 初临九元城,https://www.biqukan.cc/article/30067/34937483.html
第一千二百一十五章 遗徒,https://www.biqukan.cc/article/30067/34937997.html
第一千二百一十六章 新的任务,https://www.biqukan.cc/article/30067/34942500.html
第一千二百一十七章 正合我意,https://www.biqukan.cc/article/30067/34943762.html
第一千二百一十八章 前夕,https://www.biqukan.cc/article/30067/34961578.html
第一千二百一十九章 首战,https://www.biqukan.cc/article/30067/34967578.html
第一千二百二十章 把握时机,https://www.biqukan.cc/article/30067/34971467.html
第一千二百二十一章 酣战,https://www.biqukan.cc/article/30067/34972468.html
第一千二百二十二章 第三日,https://www.biqukan.cc/article/30067/34976537.html
第一千二百二十三章 先下手为强,https://www.biqukan.cc/article/30067/34977665.html
第一千二百二十四章 隐藏实力,https://www.biqukan.cc/article/30067/34980519.html
第一千二百二十五章 赤梦之邀,https://www.biqukan.cc/article/30067/34982802.html
第一千二百二十六章 有惊无险,https://www.biqukan.cc/article/30067/34985420.html
第一千二百二十七章 观内异动,https://www.biqukan.cc/article/30067/34987689.html
第一千二百二十八章 无法置信,https://www.biqukan.cc/article/30067/34992628.html
第一千二百二十九章 暴露,https://www.biqukan.cc/article/30067/34993590.html
第一千二百三十章 另有图谋,https://www.biqukan.cc/article/30067/34998092.html
第一千二百三十一章 虎穴潜行,https://www.biqukan.cc/article/30067/35002413.html
第一千二百三十二章 入关,https://www.biqukan.cc/article/30067/35008263.html
第一千二百三十三章 寻踪觅影,https://www.biqukan.cc/article/30067/35014914.html
第一千二百三十四章 深入地下,https://www.biqukan.cc/article/30067/35023705.html
第一千二百三十五章 出乎意料,https://www.biqukan.cc/article/30067/35027600.html
第一千二百三十六章 鬼阵,https://www.biqukan.cc/article/30067/35044133.html
第一千二百三十七章 恶斗鬼灵子,https://www.biqukan.cc/article/30067/35044440.html
第一千二百三十八章 剑镇判官,https://www.biqukan.cc/article/30067/35058171.html
第一千二百三十九章 绝杀,https://www.biqukan.cc/article/30067/35064523.html
第一千二百四十章 斩尸仙符,https://www.biqukan.cc/article/30067/35066204.html
第一千二百四十一章 本恶之争,https://www.biqukan.cc/article/30067/35069622.html
第一千二百四十二章 权宜之计,https://www.biqukan.cc/article/30067/35071387.html
第一千二百四十三章 祸福相依,https://www.biqukan.cc/article/30067/35076658.html
第一千二百四十四章 迷阵重重,https://www.biqukan.cc/article/30067/35077267.html
第一千二百四十五章 二金之争,https://www.biqukan.cc/article/30067/35081021.html
第一千二百四十六章 故景重现,https://www.biqukan.cc/article/30067/35082674.html
第一千二百四十七章 另有目的,https://www.biqukan.cc/article/30067/35086084.html
第一千二百四十八章 夺路狂奔,https://www.biqukan.cc/article/30067/35087328.html
第一千二百四十九章 最亲近之人,https://www.biqukan.cc/article/30067/35095560.html
第一千二百五十章 再战妙法,https://www.biqukan.cc/article/30067/35097476.html
第一千二百五十一章 殿内混战,https://www.biqukan.cc/article/30067/35101905.html
第一千二百五十二章 胶着之势,https://www.biqukan.cc/article/30067/35101977.html
第一千二百五十三章 又一件仿制品？,https://www.biqukan.cc/article/30067/35103926.html
第一千二百五十四章 梦中人,https://www.biqukan.cc/article/30067/35109677.html
第一千二百五十五章 无形之手,https://www.biqukan.cc/article/30067/35110978.html
第一千二百五十六章 差不多了,https://www.biqukan.cc/article/30067/35114666.html
第一千二百五十七章 不留情面,https://www.biqukan.cc/article/30067/35116601.html
第一千二百五十八章 断因果,https://www.biqukan.cc/article/30067/35121595.html
第一千二百五十九章 赝品,https://www.biqukan.cc/article/30067/35122224.html
第一千二百六十一章 迫在眉睫,https://www.biqukan.cc/article/30067/35125436.html
第一千二百六十章 提壶山,https://www.biqukan.cc/article/30067/35125437.html
第一千二百六十二章 殊死搏杀,https://www.biqukan.cc/article/30067/35141721.html
第一千二百六十三章 濒临崩溃,https://www.biqukan.cc/article/30067/35146238.html
第一千二百六十四章 重返八荒,https://www.biqukan.cc/article/30067/35173600.html
第一千二百六十五章 天外天,https://www.biqukan.cc/article/30067/35176289.html
第一千二百六十六章 天魔乱神,https://www.biqukan.cc/article/30067/35180642.html
第一千二百六十七章 无处容身,https://www.biqukan.cc/article/30067/35182480.html
第一千二百六十八章 斩尸瓶颈,https://www.biqukan.cc/article/30067/35186229.html
第一千二百六十九章 朝行夕至,https://www.biqukan.cc/article/30067/35188939.html
第一千七十章 归去来兮,https://www.biqukan.cc/article/30067/35196850.html
第一千七十一章 说服自己,https://www.biqukan.cc/article/30067/35197423.html
第一千七十二章 准备妥当,https://www.biqukan.cc/article/30067/35201806.html
第一千二百七十三章 斩尸,https://www.biqukan.cc/article/30067/35202259.html
第一千二百七十四章 脱离掌控,https://www.biqukan.cc/article/30067/35205915.html
第一千二百七十五章 鬼门,https://www.biqukan.cc/article/30067/35207326.html
第一千二百七十六章 洗阳入城,https://www.biqukan.cc/article/30067/35212990.html
第一千二百七十七章 被发现了,https://www.biqukan.cc/article/30067/35217610.html
第一千二百七十八章 事出反常,https://www.biqukan.cc/article/30067/35221858.html
第一千二百七十九章 探幽冥,https://www.biqukan.cc/article/30067/35222539.html
第一千二百八十章 桥上石雕,https://www.biqukan.cc/article/30067/35226353.html
第一千二百八十一章 鬼话,https://www.biqukan.cc/article/30067/35228119.html
第一千二百八十二章 转轮王,https://www.biqukan.cc/article/30067/35231679.html
第一千二百八十三章 又来一个,https://www.biqukan.cc/article/30067/35233965.html
第一千二百八十四章 三王,https://www.biqukan.cc/article/30067/35237694.html
第一千二百八十五章 与鬼同行,https://www.biqukan.cc/article/30067/35238944.html
第一千二百八十六章 诡异大阵,https://www.biqukan.cc/article/30067/35244121.html
第一千二百八十七章 山登绝顶我为峰,https://www.biqukan.cc/article/30067/35244372.html
第一千二百八十八章 最后的师恩,https://www.biqukan.cc/article/30067/35248992.html
第一千二百八十九章 离府,https://www.biqukan.cc/article/30067/35259357.html
第一千二百九十章 幽冥遇魔,https://www.biqukan.cc/article/30067/35264405.html
第一千二百九十一章 再聚首,https://www.biqukan.cc/article/30067/35272504.html
第一千二百九十二章 不可思议的身份,https://www.biqukan.cc/article/30067/35272971.html
第一千二百九十三章 荒魂与转世,https://www.biqukan.cc/article/30067/35285899.html
第一千二百九十四章 刑兽之怒,https://www.biqukan.cc/article/30067/35287042.html
第一千二百九十五章 奈何竹作舟,https://www.biqukan.cc/article/30067/35291603.html
第一千二百九十六章 岛中鬼殿,https://www.biqukan.cc/article/30067/35292206.html
第一千二百九十七章 轮回,https://www.biqukan.cc/article/30067/35295374.html
第一千二百九十八章 骨皇,https://www.biqukan.cc/article/30067/35296439.html
第一千二百九十九章 天机,https://www.biqukan.cc/article/30067/35308105.html
第一千三百章 轮回之争,https://www.biqukan.cc/article/30067/35309711.html
第一千三百零一章 临危出手,https://www.biqukan.cc/article/30067/35313064.html
第一千三百零二章 联手,https://www.biqukan.cc/article/30067/35314164.html
第一千三百零三章 殿主现身,https://www.biqukan.cc/article/30067/35323899.html
第一千三百零四章 不归路,https://www.biqukan.cc/article/30067/35331280.html
第一千三百零五章 另一个我,https://www.biqukan.cc/article/30067/35332246.html
第一千三百零六章 一时二生,https://www.biqukan.cc/article/30067/35336102.html
第一千三百零七章 抉择,https://www.biqukan.cc/article/30067/35337424.html
第一千三百零八章 轮回一念,https://www.biqukan.cc/article/30067/35344640.html
第一千三百零九章 各奔西东,https://www.biqukan.cc/article/30067/35345650.html
第一千三百一十章 心情不好,https://www.biqukan.cc/article/30067/35350900.html
第一千三百十一章 海之力,https://www.biqukan.cc/article/30067/35351417.html
第一千三百十二章 闭关天外,https://www.biqukan.cc/article/30067/35354809.html
第一千三百十三章 善之不存,https://www.biqukan.cc/article/30067/35355553.html
第一千三百十四章 游历天下,https://www.biqukan.cc/article/30067/35361485.html
第一千三百十五章 一念之善,https://www.biqukan.cc/article/30067/35362526.html
第一千三百十六章 行善布施,https://www.biqukan.cc/article/30067/35366083.html
第一千三百十七章 隐世,https://www.biqukan.cc/article/30067/35367876.html
第一千三百十八章 弹指百年,https://www.biqukan.cc/article/30067/35371796.html
第一千三百十九章 坐论善恶之道,https://www.biqukan.cc/article/30067/35372879.html
第一千三百二十章 归宿,https://www.biqukan.cc/article/30067/35376987.html
第一千三百二十一章 波谲云诡,https://www.biqukan.cc/article/30067/35377542.html
第一千三百二十二章 要挟和抉择,https://www.biqukan.cc/article/30067/35382748.html
第一千三百二十三章 巨目真身,https://www.biqukan.cc/article/30067/35385258.html
第一千三百二十四章 雷海炼剑,https://www.biqukan.cc/article/30067/35390713.html
第一千三百二十五章 玄天剑灵,https://www.biqukan.cc/article/30067/35391528.html
第一千三百二十六章 临别,https://www.biqukan.cc/article/30067/35396227.html
第一千三百二十七章 赴约,https://www.biqukan.cc/article/30067/35396740.html
第一千三百二十八章 一击得手,https://www.biqukan.cc/article/30067/35400342.html
第一千三百二十九章 寻上门来,https://www.biqukan.cc/article/30067/35401262.html
第一千三百三十章 大道之争(元旦快乐！）,https://www.biqukan.cc/article/30067/35405322.html
第一千三百三十一章 龙角少女,https://www.biqukan.cc/article/30067/35411304.html
第一千三百三十二章 仙界大劫,https://www.biqukan.cc/article/30067/35414143.html
第一千三百三十三章 重逢,https://www.biqukan.cc/article/30067/35420384.html
第一千三百三十四章 往事历历,https://www.biqukan.cc/article/30067/35428917.html
第一千三百三十五章 生死同往,https://www.biqukan.cc/article/30067/35438543.html
第一千三百三十六章 倾巢,https://www.biqukan.cc/article/30067/35459973.html
第一千三百三十七章 虫潮护主,https://www.biqukan.cc/article/30067/35469001.html
第一千三百三十八章 虫祖,https://www.biqukan.cc/article/30067/35477111.html
第一千三百三十九章 天虫大战,https://www.biqukan.cc/article/30067/35482450.html
第一千三百四十章 吾乃韩立,https://www.biqukan.cc/article/30067/35496480.html
第一千三百四十一章 破道,https://www.biqukan.cc/article/30067/35507637.html
第一千三百四十二章 面不改色,https://www.biqukan.cc/article/30067/35511527.html
第一千三百四十三章 化道,https://www.biqukan.cc/article/30067/35519052.html
第一千三百四十四章 如影而至,https://www.biqukan.cc/article/30067/35525553.html
第一千三百四十五章 当机立断,https://www.biqukan.cc/article/30067/35530039.html
第一千三百四十六章 何为自我？,https://www.biqukan.cc/article/30067/35534477.html
第一千三百四十七章 万载磨砺,https://www.biqukan.cc/article/30067/35538636.html
第一千三百四十八章 故乡遇故知,https://www.biqukan.cc/article/30067/35544245.html
第一千三百四十九章 还是那个呼言,https://www.biqukan.cc/article/30067/35548140.html
第一千三百五十章 浮云,https://www.biqukan.cc/article/30067/35562361.html
第一千三百五十一章 斩念,https://www.biqukan.cc/article/30067/35566853.html
第一千三百五十二章 离一切诸相,https://www.biqukan.cc/article/30067/35570839.html
第一千三百五十三章 半卦窥天机（春节快乐）,https://www.biqukan.cc/article/30067/35574469.html
第一千三百五十四章 只身赴宴,https://www.biqukan.cc/article/30067/35579239.html
第一千三百五十五章 十方万仙,https://www.biqukan.cc/article/30067/35582631.html
第一千三百五十六章 群英荟萃,https://www.biqukan.cc/article/30067/35589603.html
第一千三百五十七章 困局,https://www.biqukan.cc/article/30067/35596253.html
第一千三百五十八章 不速之客,https://www.biqukan.cc/article/30067/35604412.html
第一千三百五十九章 宴起,https://www.biqukan.cc/article/30067/35608882.html
第一千三百六十章 愿众生入涅,https://www.biqukan.cc/article/30067/35613248.html
第一千三百六十一章 恩怨情仇,https://www.biqukan.cc/article/30067/35617154.html
第一千三百六十二章 局势突变,https://www.biqukan.cc/article/30067/35621091.html
第一千三百六十三章 剑拔弩张,https://www.biqukan.cc/article/30067/35626434.html
第一千三百六十四章 一触即发,https://www.biqukan.cc/article/30067/35630213.html
第一千三百六十五章 诅咒,https://www.biqukan.cc/article/30067/35636260.html
第一千三百六十六章 逆转,https://www.biqukan.cc/article/30067/35640529.html
第一千三百六十七章 惊天预谋,https://www.biqukan.cc/article/30067/35645581.html
第一千三百六十八章 质疑,https://www.biqukan.cc/article/30067/35650136.html
第一千三百六十九章 出手,https://www.biqukan.cc/article/30067/35659487.html
第一千三百七十章 收买,https://www.biqukan.cc/article/30067/35666708.html
第一千三百七十一章 步步紧逼,https://www.biqukan.cc/article/30067/35685105.html
第一千三百七十二章 脱困,https://www.biqukan.cc/article/30067/35692514.html
第一千三百七十三章 后手,https://www.biqukan.cc/article/30067/35698198.html
第一千三百七十四章 好戏上演,https://www.biqukan.cc/article/30067/35702341.html
第一千三百七十五章 天道终焉,https://www.biqukan.cc/article/30067/35709198.html
第一千三百七十六章 最后的机会,https://www.biqukan.cc/article/30067/35722832.html
第一千三百七十七章 天道莫测,https://www.biqukan.cc/article/30067/35797409.html
第一千三百七十八章 混沌,https://www.biqukan.cc/article/30067/35809354.html
第一千三百七十九章 半途杀出,https://www.biqukan.cc/article/30067/35812947.html
第一千三百八十章 合力,https://www.biqukan.cc/article/30067/35825991.html
第一千三百八十一章 起死回生,https://www.biqukan.cc/article/30067/35847055.html
第一千三百八十二章 道天大劫,https://www.biqukan.cc/article/30067/35864134.html
第一千三百八十三章 金脉玉骨,https://www.biqukan.cc/article/30067/35884231.html
第一千三百八十四章 变数,https://www.biqukan.cc/article/30067/35891557.html
第一千三百八十五章 大道归一,https://www.biqukan.cc/article/30067/35902444.html
第一千三百八十六章 胜败一线间,https://www.biqukan.cc/article/30067/35911715.html
第一千三百八十七章 夺瓶,https://www.biqukan.cc/article/30067/35918827.html
第一千三百八十八章 伏诛,https://www.biqukan.cc/article/30067/35925875.html
第一千三百八十九章 送你离开,https://www.biqukan.cc/article/30067/35926884.html
第一千三百九十章 号令群仙,https://www.biqukan.cc/article/30067/35931041.html
第一千三百九十一章 弃道,https://www.biqukan.cc/article/30067/35931900.html
第一千三百九十二章 自由,https://www.biqukan.cc/article/30067/35936606.html
第一千三百九十三章 无憾,https://www.biqukan.cc/article/30067/35937274.html
第一千三百九十四章 飞羽(大结局）,https://www.biqukan.cc/article/30067/35941284.html
仙界篇完本感言（仙界篇的完本，并不代表的凡人修仙故事的结束^^）,https://www.biqukan.cc/article/30067/35941285.html
新书《大梦主》上架感言,https://www.biqukan.cc/article/30067/37250044.html
